[{"identifier": "Cisco-IOS-XR-snmp-entitymib-oper", "namespace": "http://cisco.com/ns/yang/Cisco-IOS-XR-snmp-entitymib-oper", "location": "NETCONF", "version": "2015-11-09", "format": "yang"}, {"identifier": "Cisco-IOS-XR-snmp-entitymib-oper-sub1", "namespace": "http://cisco.com/ns/yang/Cisco-IOS-XR-snmp-entitymib-oper", "location": "NETCONF", "version": "2015-11-09", "format": "yang"}, {"identifier": "Cisco-IOS-XR-manageability-perfmgmt-cfg", "namespace": "http://cisco.com/ns/yang/Cisco-IOS-XR-manageability-perfmgmt-cfg", "location": "NETCONF", "version": "2015-11-09", "format": "yang"}, {"identifier": "Cisco-IOS-XR-man-netconf-cfg", "namespace": "http://cisco.com/ns/yang/Cisco-IOS-XR-man-netconf-cfg", "location": "NETCONF", "version": "2016-03-15", "format": "yang"}, {"identifier": "Cisco-IOS-XR-ipv4-smiap-cfg", "namespace": "http://cisco.com/ns/yang/Cisco-IOS-XR-ipv4-smiap-cfg", "location": "NETCONF", "version": "2016-07-04", "format": "yang"}, {"identifier": "Cisco-IOS-XR-manageability-object-tracking-cfg", "namespace": "http://cisco.com/ns/yang/Cisco-IOS-XR-manageability-object-tracking-cfg", "location": "NETCONF", "version": "2015-11-09", "format": "yang"}, {"identifier": "Cisco-IOS-XR-man-ems-oper", "namespace": "http://cisco.com/ns/yang/Cisco-IOS-XR-man-ems-oper", "location": "NETCONF", "version": "2015-11-09", "format": "yang"}, {"identifier": "Cisco-IOS-XR-man-ems-oper-sub1", "namespace": "http://cisco.com/ns/yang/Cisco-IOS-XR-man-ems-oper", "location": "NETCONF", "version": "2015-11-09", "format": "yang"}, {"identifier": "Cisco-IOS-XR-watchd-cfg", "namespace": "http://cisco.com/ns/yang/Cisco-IOS-XR-watchd-cfg", "location": "NETCONF", "version": "2015-11-09", "format": "yang"}, {"identifier": "Cisco-IOS-XR-ip-tcp-oper", "namespace": "http://cisco.com/ns/yang/Cisco-IOS-XR-ip-tcp-oper", "location": "NETCONF", "version": "2016-02-26", "format": "yang"}, {"identifier": "Cisco-IOS-XR-ip-tcp-oper-sub1", "namespace": "http://cisco.com/ns/yang/Cisco-IOS-XR-ip-tcp-oper", "location": "NETCONF", "version": "2016-02-26", "format": "yang"}, {"identifier": "Cisco-IOS-XR-ip-tcp-oper-sub3", "namespace": "http://cisco.com/ns/yang/Cisco-IOS-XR-ip-tcp-oper", "location": "NETCONF", "version": "2016-02-26", "format": "yang"}, {"identifier": "Cisco-IOS-XR-ip-tcp-oper-sub2", "namespace": "http://cisco.com/ns/yang/Cisco-IOS-XR-ip-tcp-oper", "location": "NETCONF", "version": "2016-02-26", "format": "yang"}, {"identifier": "Cisco-IOS-XR-ip-tcp-oper-sub5", "namespace": "http://cisco.com/ns/yang/Cisco-IOS-XR-ip-tcp-oper", "location": "NETCONF", "version": "2016-02-26", "format": "yang"}, {"identifier": "Cisco-IOS-XR-ip-tcp-oper-sub4", "namespace": "http://cisco.com/ns/yang/Cisco-IOS-XR-ip-tcp-oper", "location": "NETCONF", "version": "2016-02-26", "format": "yang"}, {"identifier": "Cisco-IOS-XR-common-acl-datatypes", "namespace": "http://cisco.com/ns/yang/Cisco-IOS-XR-common-acl-datatypes", "location": "NETCONF", "version": "2015-11-09", "format": "yang"}, {"identifier": "Cisco-IOS-XR-tty-vty-cfg", "namespace": "http://cisco.com/ns/yang/Cisco-IOS-XR-tty-vty-cfg", "location": "NETCONF", "version": "2015-01-07", "format": "yang"}, {"identifier": "Cisco-IOS-XR-infra-rsi-cfg", "namespace": "http://cisco.com/ns/yang/Cisco-IOS-XR-infra-rsi-cfg", "location": "NETCONF", "version": "2015-07-30", "format": "yang"}, {"identifier": "Cisco-IOS-XR-ipv4-vrrp-cfg", "namespace": "http://cisco.com/ns/yang/Cisco-IOS-XR-ipv4-vrrp-cfg", "location": "NETCONF", "version": "2015-11-09", "format": "yang"}, {"identifier": "Cisco-IOS-XR-ipv4-io-cfg", "namespace": "http://cisco.com/ns/yang/Cisco-IOS-XR-ipv4-io-cfg", "location": "NETCONF", "version": "2015-07-30", "format": "yang"}, {"identifier": "Cisco-IOS-XR-pbr-cfg", "namespace": "http://cisco.com/ns/yang/Cisco-IOS-XR-pbr-cfg", "location": "NETCONF", "version": "2016-03-08", "format": "yang"}, {"identifier": "Cisco-IOS-XR-dwdm-ui-oper", "namespace": "http://cisco.com/ns/yang/Cisco-IOS-XR-dwdm-ui-oper", "location": "NETCONF", "version": "2015-11-09", "format": "yang"}, {"identifier": "Cisco-IOS-XR-dwdm-ui-oper-sub1", "namespace": "http://cisco.com/ns/yang/Cisco-IOS-XR-dwdm-ui-oper", "location": "NETCONF", "version": "2015-11-09", "format": "yang"}, {"identifier": "Cisco-IOS-XR-qos-mibs-cfg", "namespace": "http://cisco.com/ns/yang/Cisco-IOS-XR-qos-mibs-cfg", "location": "NETCONF", "version": "2015-11-09", "format": "yang"}, {"identifier": "Cisco-IOS-XR-clns-isis-datatypes", "namespace": "http://cisco.com/ns/yang/Cisco-IOS-XR-clns-isis-datatypes", "location": "NETCONF", "version": "2015-11-09", "format": "yang"}, {"identifier": "Cisco-IOS-XR-crypto-sam-oper", "namespace": "http://cisco.com/ns/yang/Cisco-IOS-XR-crypto-sam-oper", "location": "NETCONF", "version": "2015-01-07", "format": "yang"}, {"identifier": "Cisco-IOS-XR-crypto-sam-oper-sub1", "namespace": "http://cisco.com/ns/yang/Cisco-IOS-XR-crypto-sam-oper", "location": "NETCONF", "version": "2015-01-07", "format": "yang"}, {"identifier": "Cisco-IOS-XR-ifmgr-cfg", "namespace": "http://cisco.com/ns/yang/Cisco-IOS-XR-ifmgr-cfg", "location": "NETCONF", "version": "2015-07-30", "format": "yang"}, {"identifier": "Cisco-IOS-XR-sdr-invmgr-diag-oper", "namespace": "http://cisco.com/ns/yang/Cisco-IOS-XR-sdr-invmgr-diag-oper", "location": "NETCONF", "version": "2015-11-09", "format": "yang"}, {"identifier": "Cisco-IOS-XR-sdr-invmgr-diag-oper-sub1", "namespace": "http://cisco.com/ns/yang/Cisco-IOS-XR-sdr-invmgr-diag-oper", "location": "NETCONF", "version": "2015-11-09", "format": "yang"}, {"identifier": "Cisco-IOS-XR-ip-iarm-v6-oper", "namespace": "http://cisco.com/ns/yang/Cisco-IOS-XR-ip-iarm-v6-oper", "location": "NETCONF", "version": "2015-11-09", "format": "yang"}, {"identifier": "Cisco-IOS-XR-ip-iarm-v6-oper-sub1", "namespace": "http://cisco.com/ns/yang/Cisco-IOS-XR-ip-iarm-v6-oper", "location": "NETCONF", "version": "2015-11-09", "format": "yang"}, {"identifier": "Cisco-IOS-XR-manageability-object-tracking-oper", "namespace": "http://cisco.com/ns/yang/Cisco-IOS-XR-manageability-object-tracking-oper", "location": "NETCONF", "version": "2015-11-09", "format": "yang"}, {"identifier": "Cisco-IOS-XR-manageability-object-tracking-oper-sub1", "namespace": "http://cisco.com/ns/yang/Cisco-IOS-XR-manageability-object-tracking-oper", "location": "NETCONF", "version": "2015-11-09", "format": "yang"}, {"identifier": "Cisco-IOS-XR-ip-bfd-oper", "namespace": "http://cisco.com/ns/yang/Cisco-IOS-XR-ip-bfd-oper", "location": "NETCONF", "version": "2015-11-09", "format": "yang"}, {"identifier": "Cisco-IOS-XR-ip-bfd-oper-sub1", "namespace": "http://cisco.com/ns/yang/Cisco-IOS-XR-ip-bfd-oper", "location": "NETCONF", "version": "2015-11-09", "format": "yang"}, {"identifier": "Cisco-IOS-XR-infra-infra-cfg", "namespace": "http://cisco.com/ns/yang/Cisco-IOS-XR-infra-infra-cfg", "location": "NETCONF", "version": "2016-06-16", "format": "yang"}, {"identifier": "Cisco-IOS-XR-infra-tc-oper", "namespace": "http://cisco.com/ns/yang/Cisco-IOS-XR-infra-tc-oper", "location": "NETCONF", "version": "2015-11-09", "format": "yang"}, {"identifier": "Cisco-IOS-XR-infra-tc-oper-sub1", "namespace": "http://cisco.com/ns/yang/Cisco-IOS-XR-infra-tc-oper", "location": "NETCONF", "version": "2015-11-09", "format": "yang"}, {"identifier": "Cisco-IOS-XR-infra-confcopymib-cfg", "namespace": "http://cisco.com/ns/yang/Cisco-IOS-XR-infra-confcopymib-cfg", "location": "NETCONF", "version": "2015-11-09", "format": "yang"}, {"identifier": "Cisco-IOS-XR-pbr-oper", "namespace": "http://cisco.com/ns/yang/Cisco-IOS-XR-pbr-oper", "location": "NETCONF", "version": "2015-11-09", "format": "yang"}, {"identifier": "Cisco-IOS-XR-pbr-oper-sub1", "namespace": "http://cisco.com/ns/yang/Cisco-IOS-XR-pbr-oper", "location": "NETCONF", "version": "2015-11-09", "format": "yang"}, {"identifier": "Cisco-IOS-XR-asic-errors-oper", "namespace": "http://cisco.com/ns/yang/Cisco-IOS-XR-asic-errors-oper", "location": "NETCONF", "version": "2015-11-09", "format": "yang"}, {"identifier": "Cisco-IOS-XR-asic-errors-oper-sub1", "namespace": "http://cisco.com/ns/yang/Cisco-IOS-XR-asic-errors-oper", "location": "NETCONF", "version": "2015-11-09", "format": "yang"}, {"identifier": "Cisco-IOS-XR-asic-errors-oper-sub2", "namespace": "http://cisco.com/ns/yang/Cisco-IOS-XR-asic-errors-oper", "location": "NETCONF", "version": "2015-11-09", "format": "yang"}, {"identifier": "Cisco-IOS-XR-ipv4-acl-cfg", "namespace": "http://cisco.com/ns/yang/Cisco-IOS-XR-ipv4-acl-cfg", "location": "NETCONF", "version": "2015-11-09", "format": "yang"}, {"identifier": "Cisco-IOS-XR-ipv4-ace-cfg", "namespace": "http://cisco.com/ns/yang/Cisco-IOS-XR-ipv4-acl-cfg", "location": "NETCONF", "version": "2015-11-09", "format": "yang"}, {"identifier": "Cisco-IOS-XR-ethernet-lldp-oper", "namespace": "http://cisco.com/ns/yang/Cisco-IOS-XR-ethernet-lldp-oper", "location": "NETCONF", "version": "2015-11-09", "format": "yang"}, {"identifier": "Cisco-IOS-XR-ethernet-lldp-oper-sub1", "namespace": "http://cisco.com/ns/yang/Cisco-IOS-XR-ethernet-lldp-oper", "location": "NETCONF", "version": "2015-11-09", "format": "yang"}, {"identifier": "Cisco-IOS-XR-ethernet-lldp-oper-sub2", "namespace": "http://cisco.com/ns/yang/Cisco-IOS-XR-ethernet-lldp-oper", "location": "NETCONF", "version": "2015-11-09", "format": "yang"}, {"identifier": "Cisco-IOS-XR-show-fpd-loc-ng-oper", "namespace": "http://cisco.com/ns/yang/Cisco-IOS-XR-show-fpd-loc-ng-oper", "location": "NETCONF", "version": "2015-11-09", "format": "yang"}, {"identifier": "Cisco-IOS-XR-show-fpd-loc-ng-oper-sub1", "namespace": "http://cisco.com/ns/yang/Cisco-IOS-XR-show-fpd-loc-ng-oper", "location": "NETCONF", "version": "2015-11-09", "format": "yang"}, {"identifier": "Cisco-IOS-XR-aaa-tacacs-oper", "namespace": "http://cisco.com/ns/yang/Cisco-IOS-XR-aaa-tacacs-oper", "location": "NETCONF", "version": "2015-11-09", "format": "yang"}, {"identifier": "Cisco-IOS-XR-aaa-tacacs-oper-sub1", "namespace": "http://cisco.com/ns/yang/Cisco-IOS-XR-aaa-tacacs-oper", "location": "NETCONF", "version": "2015-11-09", "format": "yang"}, {"identifier": "Cisco-IOS-XR-mpls-oam-cfg", "namespace": "http://cisco.com/ns/yang/Cisco-IOS-XR-mpls-oam-cfg", "location": "NETCONF", "version": "2015-11-09", "format": "yang"}, {"identifier": "Cisco-IOS-XR-mpls-vpn-oper", "namespace": "http://cisco.com/ns/yang/Cisco-IOS-XR-mpls-vpn-oper", "location": "NETCONF", "version": "2015-11-09", "format": "yang"}, {"identifier": "Cisco-IOS-XR-mpls-vpn-oper-sub1", "namespace": "http://cisco.com/ns/yang/Cisco-IOS-XR-mpls-vpn-oper", "location": "NETCONF", "version": "2015-11-09", "format": "yang"}, {"identifier": "Cisco-IOS-XR-infra-alarm-logger-datatypes", "namespace": "http://cisco.com/ns/yang/Cisco-IOS-XR-infra-alarm-logger-datatypes", "location": "NETCONF", "version": "2015-01-07", "format": "yang"}, {"identifier": "Cisco-IOS-XR-snmp-ciscosensormib-cfg", "namespace": "http://cisco.com/ns/yang/Cisco-IOS-XR-snmp-ciscosensormib-cfg", "location": "NETCONF", "version": "2015-11-09", "format": "yang"}, {"identifier": "Cisco-IOS-XR-nto-misc-oper", "namespace": "http://cisco.com/ns/yang/Cisco-IOS-XR-nto-misc-oper", "location": "NETCONF", "version": "2015-11-09", "format": "yang"}, {"identifier": "Cisco-IOS-XR-nto-misc-oper-sub1", "namespace": "http://cisco.com/ns/yang/Cisco-IOS-XR-nto-misc-oper", "location": "NETCONF", "version": "2015-11-09", "format": "yang"}, {"identifier": "Cisco-IOS-XR-crypto-ssh-cfg", "namespace": "http://cisco.com/ns/yang/Cisco-IOS-XR-crypto-ssh-cfg", "location": "NETCONF", "version": "2015-07-30", "format": "yang"}, {"identifier": "Cisco-IOS-XR-ip-iarm-v4-oper", "namespace": "http://cisco.com/ns/yang/Cisco-IOS-XR-ip-iarm-v4-oper", "location": "NETCONF", "version": "2015-11-09", "format": "yang"}, {"identifier": "Cisco-IOS-XR-ip-iarm-v4-oper-sub1", "namespace": "http://cisco.com/ns/yang/Cisco-IOS-XR-ip-iarm-v4-oper", "location": "NETCONF", "version": "2015-11-09", "format": "yang"}, {"identifier": "Cisco-IOS-XR-traffmon-netflow-cfg", "namespace": "http://cisco.com/ns/yang/Cisco-IOS-XR-traffmon-netflow-cfg", "location": "NETCONF", "version": "2015-11-09", "format": "yang"}, {"identifier": "Cisco-IOS-XR-rgmgr-cfg", "namespace": "http://cisco.com/ns/yang/Cisco-IOS-XR-rgmgr-cfg", "location": "NETCONF", "version": "2015-07-30", "format": "yang"}, {"identifier": "Cisco-IOS-XR-lib-keychain-oper", "namespace": "http://cisco.com/ns/yang/Cisco-IOS-XR-lib-keychain-oper", "location": "NETCONF", "version": "2015-01-07", "format": "yang"}, {"identifier": "Cisco-IOS-XR-lib-keychain-oper-sub1", "namespace": "http://cisco.com/ns/yang/Cisco-IOS-XR-lib-keychain-oper", "location": "NETCONF", "version": "2015-01-07", "format": "yang"}, {"identifier": "Cisco-IOS-XR-ip-ntp-oper", "namespace": "http://cisco.com/ns/yang/Cisco-IOS-XR-ip-ntp-oper", "location": "NETCONF", "version": "2015-11-09", "format": "yang"}, {"identifier": "Cisco-IOS-XR-ip-ntp-oper-sub1", "namespace": "http://cisco.com/ns/yang/Cisco-IOS-XR-ip-ntp-oper", "location": "NETCONF", "version": "2015-11-09", "format": "yang"}, {"identifier": "Cisco-IOS-XR-ip-pfilter-oper", "namespace": "http://cisco.com/ns/yang/Cisco-IOS-XR-ip-pfilter-oper", "location": "NETCONF", "version": "2015-11-09", "format": "yang"}, {"identifier": "Cisco-IOS-XR-ip-pfilter-oper-sub1", "namespace": "http://cisco.com/ns/yang/Cisco-IOS-XR-ip-pfilter-oper", "location": "NETCONF", "version": "2015-11-09", "format": "yang"}, {"identifier": "Cisco-IOS-XR-dwdm-ui-cfg", "namespace": "http://cisco.com/ns/yang/Cisco-IOS-XR-dwdm-ui-cfg", "location": "NETCONF", "version": "2015-12-16", "format": "yang"}, {"identifier": "Cisco-IOS-XR-ipv4-ospf-cfg", "namespace": "http://cisco.com/ns/yang/Cisco-IOS-XR-ipv4-ospf-cfg", "location": "NETCONF", "version": "2015-11-09", "format": "yang"}, {"identifier": "Cisco-IOS-XR-infra-statsd-oper", "namespace": "http://cisco.com/ns/yang/Cisco-IOS-XR-infra-statsd-oper", "location": "NETCONF", "version": "2015-11-09", "format": "yang"}, {"identifier": "Cisco-IOS-XR-infra-statsd-oper-sub1", "namespace": "http://cisco.com/ns/yang/Cisco-IOS-XR-infra-statsd-oper", "location": "NETCONF", "version": "2015-11-09", "format": "yang"}, {"identifier": "Cisco-IOS-XR-wanphy-ui-oper", "namespace": "http://cisco.com/ns/yang/Cisco-IOS-XR-wanphy-ui-oper", "location": "NETCONF", "version": "2015-11-09", "format": "yang"}, {"identifier": "Cisco-IOS-XR-wanphy-ui-oper-sub1", "namespace": "http://cisco.com/ns/yang/Cisco-IOS-XR-wanphy-ui-oper", "location": "NETCONF", "version": "2015-11-09", "format": "yang"}, {"identifier": "Cisco-IOS-XR-mpls-static-cfg", "namespace": "http://cisco.com/ns/yang/Cisco-IOS-XR-mpls-static-cfg", "location": "NETCONF", "version": "2015-11-09", "format": "yang"}, {"identifier": "Cisco-IOS-XR-tunnel-gre-cfg", "namespace": "http://cisco.com/ns/yang/Cisco-IOS-XR-tunnel-gre-cfg", "location": "NETCONF", "version": "2016-05-25", "format": "yang"}, {"identifier": "Cisco-IOS-XR-aaa-protocol-radius-oper", "namespace": "http://cisco.com/ns/yang/Cisco-IOS-XR-aaa-protocol-radius-oper", "location": "NETCONF", "version": "2015-11-09", "format": "yang"}, {"identifier": "Cisco-IOS-XR-aaa-protocol-radius-oper-sub2", "namespace": "http://cisco.com/ns/yang/Cisco-IOS-XR-aaa-protocol-radius-oper", "location": "NETCONF", "version": "2015-11-09", "format": "yang"}, {"identifier": "Cisco-IOS-XR-aaa-protocol-radius-oper-sub1", "namespace": "http://cisco.com/ns/yang/Cisco-IOS-XR-aaa-protocol-radius-oper", "location": "NETCONF", "version": "2015-11-09", "format": "yang"}, {"identifier": "Cisco-IOS-XR-ifmgr-oper", "namespace": "http://cisco.com/ns/yang/Cisco-IOS-XR-ifmgr-oper", "location": "NETCONF", "version": "2015-07-30", "format": "yang"}, {"identifier": "Cisco-IOS-XR-ifmgr-oper-sub2", "namespace": "http://cisco.com/ns/yang/Cisco-IOS-XR-ifmgr-oper", "location": "NETCONF", "version": "2015-07-30", "format": "yang"}, {"identifier": "Cisco-IOS-XR-ifmgr-oper-sub1", "namespace": "http://cisco.com/ns/yang/Cisco-IOS-XR-ifmgr-oper", "location": "NETCONF", "version": "2015-07-30", "format": "yang"}, {"identifier": "Cisco-IOS-XR-ipv6-acl-oper", "namespace": "http://cisco.com/ns/yang/Cisco-IOS-XR-ipv6-acl-oper", "location": "NETCONF", "version": "2015-11-09", "format": "yang"}, {"identifier": "Cisco-IOS-XR-ipv6-acl-oper-sub1", "namespace": "http://cisco.com/ns/yang/Cisco-IOS-XR-ipv6-acl-oper", "location": "NETCONF", "version": "2015-11-09", "format": "yang"}, {"identifier": "Cisco-IOS-XR-tty-management-cfg", "namespace": "http://cisco.com/ns/yang/Cisco-IOS-XR-tty-management-cfg", "location": "NETCONF", "version": "2015-09-25", "format": "yang"}, {"identifier": "Cisco-IOS-XR-snmp-agent-cfg", "namespace": "http://cisco.com/ns/yang/Cisco-IOS-XR-snmp-agent-cfg", "location": "NETCONF", "version": "2015-10-27", "format": "yang"}, {"identifier": "Cisco-IOS-XR-clns-isis-oper", "namespace": "http://cisco.com/ns/yang/Cisco-IOS-XR-clns-isis-oper", "location": "NETCONF", "version": "2015-11-09", "format": "yang"}, {"identifier": "Cisco-IOS-XR-clns-isis-oper-sub2", "namespace": "http://cisco.com/ns/yang/Cisco-IOS-XR-clns-isis-oper", "location": "NETCONF", "version": "2015-11-09", "format": "yang"}, {"identifier": "Cisco-IOS-XR-clns-isis-oper-sub1", "namespace": "http://cisco.com/ns/yang/Cisco-IOS-XR-clns-isis-oper", "location": "NETCONF", "version": "2015-11-09", "format": "yang"}, {"identifier": "Cisco-IOS-XR-l2-eth-infra-cfg", "namespace": "http://cisco.com/ns/yang/Cisco-IOS-XR-l2-eth-infra-cfg", "location": "NETCONF", "version": "2015-11-09", "format": "yang"}, {"identifier": "Cisco-IOS-XR-ip-rsvp-cfg", "namespace": "http://cisco.com/ns/yang/Cisco-IOS-XR-ip-rsvp-cfg", "location": "NETCONF", "version": "2015-11-09", "format": "yang"}, {"identifier": "Cisco-IOS-XR-snmp-agent-oper", "namespace": "http://cisco.com/ns/yang/Cisco-IOS-XR-snmp-agent-oper", "location": "NETCONF", "version": "2016-06-01", "format": "yang"}, {"identifier": "Cisco-IOS-XR-snmp-agent-oper-sub1", "namespace": "http://cisco.com/ns/yang/Cisco-IOS-XR-snmp-agent-oper", "location": "NETCONF", "version": "2016-06-01", "format": "yang"}, {"identifier": "Cisco-IOS-XR-snmp-agent-oper-sub2", "namespace": "http://cisco.com/ns/yang/Cisco-IOS-XR-snmp-agent-oper", "location": "NETCONF", "version": "2016-06-01", "format": "yang"}, {"identifier": "Cisco-IOS-XR-snmp-agent-oper-sub3", "namespace": "http://cisco.com/ns/yang/Cisco-IOS-XR-snmp-agent-oper", "location": "NETCONF", "version": "2016-06-01", "format": "yang"}, {"identifier": "Cisco-IOS-XR-snmp-agent-oper-sub4", "namespace": "http://cisco.com/ns/yang/Cisco-IOS-XR-snmp-agent-oper", "location": "NETCONF", "version": "2016-06-01", "format": "yang"}, {"identifier": "Cisco-IOS-XR-snmp-agent-oper-sub5", "namespace": "http://cisco.com/ns/yang/Cisco-IOS-XR-snmp-agent-oper", "location": "NETCONF", "version": "2016-06-01", "format": "yang"}, {"identifier": "Cisco-IOS-XR-snmp-agent-oper-sub6", "namespace": "http://cisco.com/ns/yang/Cisco-IOS-XR-snmp-agent-oper", "location": "NETCONF", "version": "2016-06-01", "format": "yang"}, {"identifier": "Cisco-IOS-XR-snmp-agent-oper-sub7", "namespace": "http://cisco.com/ns/yang/Cisco-IOS-XR-snmp-agent-oper", "location": "NETCONF", "version": "2016-06-01", "format": "yang"}, {"identifier": "Cisco-IOS-XR-mpls-ldp-oper", "namespace": "http://cisco.com/ns/yang/Cisco-IOS-XR-mpls-ldp-oper", "location": "NETCONF", "version": "2015-11-09", "format": "yang"}, {"identifier": "Cisco-IOS-XR-mpls-ldp-oper-sub1", "namespace": "http://cisco.com/ns/yang/Cisco-IOS-XR-mpls-ldp-oper", "location": "NETCONF", "version": "2015-11-09", "format": "yang"}, {"identifier": "Cisco-IOS-XR-mpls-ldp-oper-sub3", "namespace": "http://cisco.com/ns/yang/Cisco-IOS-XR-mpls-ldp-oper", "location": "NETCONF", "version": "2015-11-09", "format": "yang"}, {"identifier": "Cisco-IOS-XR-mpls-ldp-oper-sub2", "namespace": "http://cisco.com/ns/yang/Cisco-IOS-XR-mpls-ldp-oper", "location": "NETCONF", "version": "2015-11-09", "format": "yang"}, {"identifier": "Cisco-IOS-XR-es-acl-oper", "namespace": "http://cisco.com/ns/yang/Cisco-IOS-XR-es-acl-oper", "location": "NETCONF", "version": "2015-11-09", "format": "yang"}, {"identifier": "Cisco-IOS-XR-es-acl-oper-sub1", "namespace": "http://cisco.com/ns/yang/Cisco-IOS-XR-es-acl-oper", "location": "NETCONF", "version": "2015-11-09", "format": "yang"}, {"identifier": "Cisco-IOS-XR-es-acl-cfg", "namespace": "http://cisco.com/ns/yang/Cisco-IOS-XR-es-acl-cfg", "location": "NETCONF", "version": "2015-11-09", "format": "yang"}, {"identifier": "Cisco-IOS-XR-es-ace-cfg", "namespace": "http://cisco.com/ns/yang/Cisco-IOS-XR-es-acl-cfg", "location": "NETCONF", "version": "2015-11-09", "format": "yang"}, {"identifier": "Cisco-IOS-XR-ipv6-nd-oper", "namespace": "http://cisco.com/ns/yang/Cisco-IOS-XR-ipv6-nd-oper", "location": "NETCONF", "version": "2015-11-09", "format": "yang"}, {"identifier": "Cisco-IOS-XR-ipv6-nd-oper-sub1", "namespace": "http://cisco.com/ns/yang/Cisco-IOS-XR-ipv6-nd-oper", "location": "NETCONF", "version": "2015-11-09", "format": "yang"}, {"identifier": "Cisco-IOS-XR-ipv4-telnet-mgmt-cfg", "namespace": "http://cisco.com/ns/yang/Cisco-IOS-XR-ipv4-telnet-mgmt-cfg", "location": "NETCONF", "version": "2015-11-09", "format": "yang"}, {"identifier": "Cisco-IOS-XR-lib-mpp-oper", "namespace": "http://cisco.com/ns/yang/Cisco-IOS-XR-lib-mpp-oper", "location": "NETCONF", "version": "2015-01-07", "format": "yang"}, {"identifier": "Cisco-IOS-XR-lib-mpp-oper-sub1", "namespace": "http://cisco.com/ns/yang/Cisco-IOS-XR-lib-mpp-oper", "location": "NETCONF", "version": "2015-01-07", "format": "yang"}, {"identifier": "Cisco-IOS-XR-tty-server-cfg", "namespace": "http://cisco.com/ns/yang/Cisco-IOS-XR-tty-server-cfg", "location": "NETCONF", "version": "2015-07-30", "format": "yang"}, {"identifier": "Cisco-IOS-XR-spirit-install-instmgr-oper", "namespace": "http://cisco.com/ns/yang/Cisco-IOS-XR-spirit-install-instmgr-oper", "location": "NETCONF", "version": "2015-11-09", "format": "yang"}, {"identifier": "Cisco-IOS-XR-spirit-install-instmgr-oper-sub1", "namespace": "http://cisco.com/ns/yang/Cisco-IOS-XR-spirit-install-instmgr-oper", "location": "NETCONF", "version": "2015-11-09", "format": "yang"}, {"identifier": "Cisco-IOS-XR-spirit-install-instmgr-oper-sub2", "namespace": "http://cisco.com/ns/yang/Cisco-IOS-XR-spirit-install-instmgr-oper", "location": "NETCONF", "version": "2015-11-09", "format": "yang"}, {"identifier": "Cisco-IOS-XR-segment-routing-ms-cfg", "namespace": "http://cisco.com/ns/yang/Cisco-IOS-XR-segment-routing-ms-cfg", "location": "NETCONF", "version": "2015-11-09", "format": "yang"}, {"identifier": "Cisco-IOS-XR-snmp-ifmib-oper", "namespace": "http://cisco.com/ns/yang/Cisco-IOS-XR-snmp-ifmib-oper", "location": "NETCONF", "version": "2015-01-07", "format": "yang"}, {"identifier": "Cisco-IOS-XR-snmp-ifmib-oper-sub1", "namespace": "http://cisco.com/ns/yang/Cisco-IOS-XR-snmp-ifmib-oper", "location": "NETCONF", "version": "2015-01-07", "format": "yang"}, {"identifier": "Cisco-IOS-XR-ip-static-cfg", "namespace": "http://cisco.com/ns/yang/Cisco-IOS-XR-ip-static-cfg", "location": "NETCONF", "version": "2015-09-10", "format": "yang"}, {"identifier": "Cisco-IOS-XR-ethernet-lldp-cfg", "namespace": "http://cisco.com/ns/yang/Cisco-IOS-XR-ethernet-lldp-cfg", "location": "NETCONF", "version": "2015-11-09", "format": "yang"}, {"identifier": "Cisco-IOS-XR-cfgmgr-rollback-act", "namespace": "http://cisco.com/ns/yang/Cisco-IOS-XR-cfgmgr-rollback-act", "location": "NETCONF", "version": "2016-04-17", "format": "yang"}, {"identifier": "Cisco-IOS-XR-segment-routing-ms-oper", "namespace": "http://cisco.com/ns/yang/Cisco-IOS-XR-segment-routing-ms-oper", "location": "NETCONF", "version": "2015-11-09", "format": "yang"}, {"identifier": "Cisco-IOS-XR-segment-routing-ms-oper-sub1", "namespace": "http://cisco.com/ns/yang/Cisco-IOS-XR-segment-routing-ms-oper", "location": "NETCONF", "version": "2015-11-09", "format": "yang"}, {"identifier": "ietf-yang-types", "namespace": "urn:ietf:params:xml:ns:yang:ietf-yang-types", "location": "NETCONF", "version": "2013-07-15", "format": "yang"}, {"identifier": "Cisco-IOS-XR-flashmib-cfg", "namespace": "http://cisco.com/ns/yang/Cisco-IOS-XR-flashmib-cfg", "location": "NETCONF", "version": "2015-12-15", "format": "yang"}, {"identifier": "Cisco-IOS-XR-ip-udp-oper", "namespace": "http://cisco.com/ns/yang/Cisco-IOS-XR-ip-udp-oper", "location": "NETCONF", "version": "2016-02-26", "format": "yang"}, {"identifier": "Cisco-IOS-XR-ip-udp-oper-sub4", "namespace": "http://cisco.com/ns/yang/Cisco-IOS-XR-ip-udp-oper", "location": "NETCONF", "version": "2016-02-26", "format": "yang"}, {"identifier": "Cisco-IOS-XR-ip-udp-oper-sub1", "namespace": "http://cisco.com/ns/yang/Cisco-IOS-XR-ip-udp-oper", "location": "NETCONF", "version": "2016-02-26", "format": "yang"}, {"identifier": "Cisco-IOS-XR-ip-udp-oper-sub3", "namespace": "http://cisco.com/ns/yang/Cisco-IOS-XR-ip-udp-oper", "location": "NETCONF", "version": "2016-02-26", "format": "yang"}, {"identifier": "Cisco-IOS-XR-ip-udp-oper-sub2", "namespace": "http://cisco.com/ns/yang/Cisco-IOS-XR-ip-udp-oper", "location": "NETCONF", "version": "2016-02-26", "format": "yang"}, {"identifier": "Cisco-IOS-XR-ipv6-acl-cfg", "namespace": "http://cisco.com/ns/yang/Cisco-IOS-XR-ipv6-acl-cfg", "location": "NETCONF", "version": "2015-11-09", "format": "yang"}, {"identifier": "Cisco-IOS-XR-ipv6-ace-cfg", "namespace": "http://cisco.com/ns/yang/Cisco-IOS-XR-ipv6-acl-cfg", "location": "NETCONF", "version": "2015-11-09", "format": "yang"}, {"identifier": "Cisco-IOS-XR-ipv4-vrrp-oper", "namespace": "http://cisco.com/ns/yang/Cisco-IOS-XR-ipv4-vrrp-oper", "location": "NETCONF", "version": "2015-11-09", "format": "yang"}, {"identifier": "Cisco-IOS-XR-ipv4-vrrp-oper-sub1", "namespace": "http://cisco.com/ns/yang/Cisco-IOS-XR-ipv4-vrrp-oper", "location": "NETCONF", "version": "2015-11-09", "format": "yang"}, {"identifier": "Cisco-IOS-XR-installmgr-admin-oper", "namespace": "http://cisco.com/ns/yang/Cisco-IOS-XR-installmgr-admin-oper", "location": "NETCONF", "version": "2015-11-09", "format": "yang"}, {"identifier": "Cisco-IOS-XR-installmgr-admin-oper-sub1", "namespace": "http://cisco.com/ns/yang/Cisco-IOS-XR-installmgr-admin-oper", "location": "NETCONF", "version": "2015-11-09", "format": "yang"}, {"identifier": "Cisco-IOS-XR-installmgr-admin-oper-sub3", "namespace": "http://cisco.com/ns/yang/Cisco-IOS-XR-installmgr-admin-oper", "location": "NETCONF", "version": "2015-11-09", "format": "yang"}, {"identifier": "Cisco-IOS-XR-installmgr-admin-oper-sub2", "namespace": "http://cisco.com/ns/yang/Cisco-IOS-XR-installmgr-admin-oper", "location": "NETCONF", "version": "2015-11-09", "format": "yang"}, {"identifier": "Cisco-IOS-XR-mpls-te-oper", "namespace": "http://cisco.com/ns/yang/Cisco-IOS-XR-mpls-te-oper", "location": "NETCONF", "version": "2015-11-09", "format": "yang"}, {"identifier": "Cisco-IOS-XR-mpls-te-oper-sub9", "namespace": "http://cisco.com/ns/yang/Cisco-IOS-XR-mpls-te-oper", "location": "NETCONF", "version": "2015-11-09", "format": "yang"}, {"identifier": "Cisco-IOS-XR-mpls-te-oper-sub8", "namespace": "http://cisco.com/ns/yang/Cisco-IOS-XR-mpls-te-oper", "location": "NETCONF", "version": "2015-11-09", "format": "yang"}, {"identifier": "Cisco-IOS-XR-mpls-te-oper-sub5", "namespace": "http://cisco.com/ns/yang/Cisco-IOS-XR-mpls-te-oper", "location": "NETCONF", "version": "2015-11-09", "format": "yang"}, {"identifier": "Cisco-IOS-XR-mpls-te-oper-sub4", "namespace": "http://cisco.com/ns/yang/Cisco-IOS-XR-mpls-te-oper", "location": "NETCONF", "version": "2015-11-09", "format": "yang"}, {"identifier": "Cisco-IOS-XR-mpls-te-oper-sub7", "namespace": "http://cisco.com/ns/yang/Cisco-IOS-XR-mpls-te-oper", "location": "NETCONF", "version": "2015-11-09", "format": "yang"}, {"identifier": "Cisco-IOS-XR-mpls-te-oper-sub6", "namespace": "http://cisco.com/ns/yang/Cisco-IOS-XR-mpls-te-oper", "location": "NETCONF", "version": "2015-11-09", "format": "yang"}, {"identifier": "Cisco-IOS-XR-mpls-te-oper-sub1", "namespace": "http://cisco.com/ns/yang/Cisco-IOS-XR-mpls-te-oper", "location": "NETCONF", "version": "2015-11-09", "format": "yang"}, {"identifier": "Cisco-IOS-XR-mpls-te-oper-sub3", "namespace": "http://cisco.com/ns/yang/Cisco-IOS-XR-mpls-te-oper", "location": "NETCONF", "version": "2015-11-09", "format": "yang"}, {"identifier": "Cisco-IOS-XR-mpls-te-oper-sub2", "namespace": "http://cisco.com/ns/yang/Cisco-IOS-XR-mpls-te-oper", "location": "NETCONF", "version": "2015-11-09", "format": "yang"}, {"identifier": "Cisco-IOS-XR-lpts-pre-ifib-cfg", "namespace": "http://cisco.com/ns/yang/Cisco-IOS-XR-lpts-pre-ifib-cfg", "location": "NETCONF", "version": "2015-11-09", "format": "yang"}, {"identifier": "Cisco-IOS-XR-ip-udp-cfg", "namespace": "http://cisco.com/ns/yang/Cisco-IOS-XR-ip-udp-cfg", "location": "NETCONF", "version": "2016-02-26", "format": "yang"}, {"identifier": "Cisco-IOS-XR-infra-ltrace-cfg", "namespace": "http://cisco.com/ns/yang/Cisco-IOS-XR-infra-ltrace-cfg", "location": "NETCONF", "version": "2015-11-09", "format": "yang"}, {"identifier": "Cisco-IOS-XR-config-cfgmgr-exec-oper", "namespace": "http://cisco.com/ns/yang/Cisco-IOS-XR-config-cfgmgr-exec-oper", "location": "NETCONF", "version": "2015-11-09", "format": "yang"}, {"identifier": "Cisco-IOS-XR-config-cfgmgr-exec-oper-sub1", "namespace": "http://cisco.com/ns/yang/Cisco-IOS-XR-config-cfgmgr-exec-oper", "location": "NETCONF", "version": "2015-11-09", "format": "yang"}, {"identifier": "Cisco-IOS-XR-snmp-entstatemib-cfg", "namespace": "http://cisco.com/ns/yang/Cisco-IOS-XR-snmp-entstatemib-cfg", "location": "NETCONF", "version": "2015-07-27", "format": "yang"}, {"identifier": "Cisco-IOS-XR-infra-rcmd-cfg", "namespace": "http://cisco.com/ns/yang/Cisco-IOS-XR-infra-rcmd-cfg", "location": "NETCONF", "version": "2015-11-09", "format": "yang"}, {"identifier": "Cisco-IOS-XR-l2-eth-infra-datatypes", "namespace": "http://cisco.com/ns/yang/Cisco-IOS-XR-l2-eth-infra-datatypes", "location": "NETCONF", "version": "2015-11-09", "format": "yang"}, {"identifier": "Cisco-IOS-XR-config-mda-cfg", "namespace": "http://cisco.com/ns/yang/Cisco-IOS-XR-config-mda-cfg", "location": "NETCONF", "version": "2015-11-09", "format": "yang"}, {"identifier": "Cisco-IOS-XR-pfi-im-cmd-oper", "namespace": "http://cisco.com/ns/yang/Cisco-IOS-XR-pfi-im-cmd-oper", "location": "NETCONF", "version": "2015-11-09", "format": "yang"}, {"identifier": "Cisco-IOS-XR-pfi-im-cmd-oper-sub1", "namespace": "http://cisco.com/ns/yang/Cisco-IOS-XR-pfi-im-cmd-oper", "location": "NETCONF", "version": "2015-11-09", "format": "yang"}, {"identifier": "Cisco-IOS-XR-pfi-im-cmd-oper-sub2", "namespace": "http://cisco.com/ns/yang/Cisco-IOS-XR-pfi-im-cmd-oper", "location": "NETCONF", "version": "2015-11-09", "format": "yang"}, {"identifier": "Cisco-IOS-XR-snmp-entitymib-cfg", "namespace": "http://cisco.com/ns/yang/Cisco-IOS-XR-snmp-entitymib-cfg", "location": "NETCONF", "version": "2015-01-07", "format": "yang"}, {"identifier": "Cisco-IOS-XR-mpls-lsd-oper", "namespace": "http://cisco.com/ns/yang/Cisco-IOS-XR-mpls-lsd-oper", "location": "NETCONF", "version": "2015-11-09", "format": "yang"}, {"identifier": "Cisco-IOS-XR-mpls-lsd-oper-sub1", "namespace": "http://cisco.com/ns/yang/Cisco-IOS-XR-mpls-lsd-oper", "location": "NETCONF", "version": "2015-11-09", "format": "yang"}, {"identifier": "Cisco-IOS-XR-snmp-sensormib-oper", "namespace": "http://cisco.com/ns/yang/Cisco-IOS-XR-snmp-sensormib-oper", "location": "NETCONF", "version": "2015-11-09", "format": "yang"}, {"identifier": "Cisco-IOS-XR-snmp-sensormib-oper-sub1", "namespace": "http://cisco.com/ns/yang/Cisco-IOS-XR-snmp-sensormib-oper", "location": "NETCONF", "version": "2015-11-09", "format": "yang"}, {"identifier": "Cisco-IOS-XR-snmp-sensormib-oper-sub2", "namespace": "http://cisco.com/ns/yang/Cisco-IOS-XR-snmp-sensormib-oper", "location": "NETCONF", "version": "2015-11-09", "format": "yang"}, {"identifier": "Cisco-IOS-XR-ipv4-dhcpd-cfg", "namespace": "http://cisco.com/ns/yang/Cisco-IOS-XR-ipv4-dhcpd-cfg", "location": "NETCONF", "version": "2015-11-09", "format": "yang"}, {"identifier": "Cisco-IOS-XR-ipv4-bgp-datatypes", "namespace": "http://cisco.com/ns/yang/Cisco-IOS-XR-ipv4-bgp-datatypes", "location": "NETCONF", "version": "2015-08-27", "format": "yang"}, {"identifier": "Cisco-IOS-XR-policy-repository-cfg", "namespace": "http://cisco.com/ns/yang/Cisco-IOS-XR-policy-repository-cfg", "location": "NETCONF", "version": "2015-08-27", "format": "yang"}, {"identifier": "Cisco-IOS-XR-controller-optics-oper", "namespace": "http://cisco.com/ns/yang/Cisco-IOS-XR-controller-optics-oper", "location": "NETCONF", "version": "2015-11-09", "format": "yang"}, {"identifier": "Cisco-IOS-XR-controller-optics-oper-sub1", "namespace": "http://cisco.com/ns/yang/Cisco-IOS-XR-controller-optics-oper", "location": "NETCONF", "version": "2015-11-09", "format": "yang"}, {"identifier": "Cisco-IOS-XR-group-cfg", "namespace": "http://cisco.com/ns/yang/Cisco-IOS-XR-group-cfg", "location": "NETCONF", "version": "2016-04-29", "format": "yang"}, {"identifier": "Cisco-IOS-XR-man-xml-ttyagent-oper", "namespace": "http://cisco.com/ns/yang/Cisco-IOS-XR-man-xml-ttyagent-oper", "location": "NETCONF", "version": "2015-07-30", "format": "yang"}, {"identifier": "Cisco-IOS-XR-man-xml-ttyagent-oper-sub1", "namespace": "http://cisco.com/ns/yang/Cisco-IOS-XR-man-xml-ttyagent-oper", "location": "NETCONF", "version": "2015-07-30", "format": "yang"}, {"identifier": "Cisco-IOS-XR-ip-iarm-datatypes", "namespace": "http://cisco.com/ns/yang/Cisco-IOS-XR-ip-iarm-datatypes", "location": "NETCONF", "version": "2015-01-07", "format": "yang"}, {"identifier": "Cisco-IOS-XR-manageability-object-tracking-datatypes", "namespace": "http://cisco.com/ns/yang/Cisco-IOS-XR-manageability-object-tracking-datatypes", "location": "NETCONF", "version": "2015-11-09", "format": "yang"}, {"identifier": "Cisco-IOS-XR-es-acl-datatypes", "namespace": "http://cisco.com/ns/yang/Cisco-IOS-XR-es-acl-datatypes", "location": "NETCONF", "version": "2015-11-09", "format": "yang"}, {"identifier": "Cisco-IOS-XR-ipv4-arp-oper", "namespace": "http://cisco.com/ns/yang/Cisco-IOS-XR-ipv4-arp-oper", "location": "NETCONF", "version": "2015-11-09", "format": "yang"}, {"identifier": "Cisco-IOS-XR-ipv4-arp-oper-sub2", "namespace": "http://cisco.com/ns/yang/Cisco-IOS-XR-ipv4-arp-oper", "location": "NETCONF", "version": "2015-11-09", "format": "yang"}, {"identifier": "Cisco-IOS-XR-ipv4-arp-oper-sub1", "namespace": "http://cisco.com/ns/yang/Cisco-IOS-XR-ipv4-arp-oper", "location": "NETCONF", "version": "2015-11-09", "format": "yang"}, {"identifier": "Cisco-IOS-XR-mpls-ldp-cfg-datatypes", "namespace": "http://cisco.com/ns/yang/Cisco-IOS-XR-mpls-ldp-cfg-datatypes", "location": "NETCONF", "version": "2015-11-09", "format": "yang"}, {"identifier": "Cisco-IOS-XR-infra-infra-clock-linux-cfg", "namespace": "http://cisco.com/ns/yang/Cisco-IOS-XR-infra-infra-clock-linux-cfg", "location": "NETCONF", "version": "2015-11-09", "format": "yang"}, {"identifier": "Cisco-IOS-XR-ipv4-telnet-cfg", "namespace": "http://cisco.com/ns/yang/Cisco-IOS-XR-ipv4-telnet-cfg", "location": "NETCONF", "version": "2015-11-09", "format": "yang"}, {"identifier": "Cisco-IOS-XR-infra-policymgr-cfg", "namespace": "http://cisco.com/ns/yang/Cisco-IOS-XR-infra-policymgr-cfg", "location": "NETCONF", "version": "2015-05-18", "format": "yang"}, {"identifier": "Cisco-IOS-XR-linux-os-reboot-history-oper", "namespace": "http://cisco.com/ns/yang/Cisco-IOS-XR-linux-os-reboot-history-oper", "location": "NETCONF", "version": "2015-11-09", "format": "yang"}, {"identifier": "Cisco-IOS-XR-linux-os-reboot-history-oper-sub1", "namespace": "http://cisco.com/ns/yang/Cisco-IOS-XR-linux-os-reboot-history-oper", "location": "NETCONF", "version": "2015-11-09", "format": "yang"}, {"identifier": "Cisco-IOS-XR-controller-otu-cfg", "namespace": "http://cisco.com/ns/yang/Cisco-IOS-XR-controller-otu-cfg", "location": "NETCONF", "version": "2015-11-09", "format": "yang"}, {"identifier": "Cisco-IOS-XR-infra-rsi-oper", "namespace": "http://cisco.com/ns/yang/Cisco-IOS-XR-infra-rsi-oper", "location": "NETCONF", "version": "2015-01-07", "format": "yang"}, {"identifier": "Cisco-IOS-XR-infra-rsi-oper-sub1", "namespace": "http://cisco.com/ns/yang/Cisco-IOS-XR-infra-rsi-oper", "location": "NETCONF", "version": "2015-01-07", "format": "yang"}, {"identifier": "Cisco-IOS-XR-infra-rsi-oper-sub2", "namespace": "http://cisco.com/ns/yang/Cisco-IOS-XR-infra-rsi-oper", "location": "NETCONF", "version": "2015-01-07", "format": "yang"}, {"identifier": "Cisco-IOS-XR-manageability-perfmgmt-datatypes", "namespace": "http://cisco.com/ns/yang/Cisco-IOS-XR-manageability-perfmgmt-datatypes", "location": "NETCONF", "version": "2015-11-09", "format": "yang"}, {"identifier": "Cisco-IOS-XR-wd-oper", "namespace": "http://cisco.com/ns/yang/Cisco-IOS-XR-wd-oper", "location": "NETCONF", "version": "2015-11-09", "format": "yang"}, {"identifier": "Cisco-IOS-XR-wd-oper-sub1", "namespace": "http://cisco.com/ns/yang/Cisco-IOS-XR-wd-oper", "location": "NETCONF", "version": "2015-11-09", "format": "yang"}, {"identifier": "Cisco-IOS-XR-mpls-static-oper", "namespace": "http://cisco.com/ns/yang/Cisco-IOS-XR-mpls-static-oper", "location": "NETCONF", "version": "2015-11-09", "format": "yang"}, {"identifier": "Cisco-IOS-XR-mpls-static-oper-sub1", "namespace": "http://cisco.com/ns/yang/Cisco-IOS-XR-mpls-static-oper", "location": "NETCONF", "version": "2015-11-09", "format": "yang"}, {"identifier": "Cisco-IOS-XR-ip-domain-oper", "namespace": "http://cisco.com/ns/yang/Cisco-IOS-XR-ip-domain-oper", "location": "NETCONF", "version": "2015-09-29", "format": "yang"}, {"identifier": "Cisco-IOS-XR-ip-domain-oper-sub1", "namespace": "http://cisco.com/ns/yang/Cisco-IOS-XR-ip-domain-oper", "location": "NETCONF", "version": "2015-09-29", "format": "yang"}, {"identifier": "Cisco-IOS-XR-mpls-ldp-oper-datatypes", "namespace": "http://cisco.com/ns/yang/Cisco-IOS-XR-mpls-ldp-oper-datatypes", "location": "NETCONF", "version": "2015-11-09", "format": "yang"}, {"identifier": "Cisco-IOS-XR-crypto-ssh-oper", "namespace": "http://cisco.com/ns/yang/Cisco-IOS-XR-crypto-ssh-oper", "location": "NETCONF", "version": "2015-06-02", "format": "yang"}, {"identifier": "Cisco-IOS-XR-crypto-ssh-oper-sub1", "namespace": "http://cisco.com/ns/yang/Cisco-IOS-XR-crypto-ssh-oper", "location": "NETCONF", "version": "2015-06-02", "format": "yang"}, {"identifier": "Cisco-IOS-XR-lib-keychain-macsec-cfg", "namespace": "http://cisco.com/ns/yang/Cisco-IOS-XR-lib-keychain-macsec-cfg", "location": "NETCONF", "version": "2015-11-09", "format": "yang"}, {"identifier": "Cisco-IOS-XR-snmp-ifmib-cfg", "namespace": "http://cisco.com/ns/yang/Cisco-IOS-XR-snmp-ifmib-cfg", "location": "NETCONF", "version": "2015-05-14", "format": "yang"}, {"identifier": "Cisco-IOS-XR-wanphy-ui-cfg", "namespace": "http://cisco.com/ns/yang/Cisco-IOS-XR-wanphy-ui-cfg", "location": "NETCONF", "version": "2015-11-09", "format": "yang"}, {"identifier": "Cisco-IOS-XR-l2vpn-oper", "namespace": "http://cisco.com/ns/yang/Cisco-IOS-XR-l2vpn-oper", "location": "NETCONF", "version": "2015-11-09", "format": "yang"}, {"identifier": "Cisco-IOS-XR-l2vpn-oper-sub1", "namespace": "http://cisco.com/ns/yang/Cisco-IOS-XR-l2vpn-oper", "location": "NETCONF", "version": "2015-11-09", "format": "yang"}, {"identifier": "Cisco-IOS-XR-l2vpn-oper-sub3", "namespace": "http://cisco.com/ns/yang/Cisco-IOS-XR-l2vpn-oper", "location": "NETCONF", "version": "2015-11-09", "format": "yang"}, {"identifier": "Cisco-IOS-XR-l2vpn-oper-sub2", "namespace": "http://cisco.com/ns/yang/Cisco-IOS-XR-l2vpn-oper", "location": "NETCONF", "version": "2015-11-09", "format": "yang"}, {"identifier": "Cisco-IOS-XR-l2vpn-oper-sub4", "namespace": "http://cisco.com/ns/yang/Cisco-IOS-XR-l2vpn-oper", "location": "NETCONF", "version": "2015-11-09", "format": "yang"}, {"identifier": "Cisco-IOS-XR-ip-bfd-cfg", "namespace": "http://cisco.com/ns/yang/Cisco-IOS-XR-ip-bfd-cfg", "location": "NETCONF", "version": "2015-11-09", "format": "yang"}, {"identifier": "Cisco-IOS-XR-qos-ma-cfg", "namespace": "http://cisco.com/ns/yang/Cisco-IOS-XR-qos-ma-cfg", "location": "NETCONF", "version": "2016-03-03", "format": "yang"}, {"identifier": "Cisco-IOS-XR-snmp-mib-rfmib-cfg", "namespace": "http://cisco.com/ns/yang/Cisco-IOS-XR-snmp-mib-rfmib-cfg", "location": "NETCONF", "version": "2016-05-13", "format": "yang"}, {"identifier": "Cisco-IOS-XR-mpls-lsd-cfg", "namespace": "http://cisco.com/ns/yang/Cisco-IOS-XR-mpls-lsd-cfg", "location": "NETCONF", "version": "2015-11-09", "format": "yang"}, {"identifier": "Cisco-IOS-XR-ipv4-bgp-cfg", "namespace": "http://cisco.com/ns/yang/Cisco-IOS-XR-ipv4-bgp-cfg", "location": "NETCONF", "version": "2015-08-27", "format": "yang"}, {"identifier": "Cisco-IOS-XR-pmengine-cfg", "namespace": "http://cisco.com/ns/yang/Cisco-IOS-XR-pmengine-cfg", "location": "NETCONF", "version": "2015-11-09", "format": "yang"}, {"identifier": "Cisco-IOS-XR-aaa-locald-cfg", "namespace": "http://cisco.com/ns/yang/Cisco-IOS-XR-aaa-locald-cfg", "location": "NETCONF", "version": "2015-11-09", "format": "yang"}, {"identifier": "Cisco-IOS-XR-ip-rib-ipv6-oper", "namespace": "http://cisco.com/ns/yang/Cisco-IOS-XR-ip-rib-ipv6-oper", "location": "NETCONF", "version": "2015-11-09", "format": "yang"}, {"identifier": "Cisco-IOS-XR-ip-rib-ipv6-oper-sub1", "namespace": "http://cisco.com/ns/yang/Cisco-IOS-XR-ip-rib-ipv6-oper", "location": "NETCONF", "version": "2015-11-09", "format": "yang"}, {"identifier": "Cisco-IOS-XR-ipv4-arp-cfg", "namespace": "http://cisco.com/ns/yang/Cisco-IOS-XR-ipv4-arp-cfg", "location": "NETCONF", "version": "2015-11-09", "format": "yang"}, {"identifier": "Cisco-IOS-XR-bundlemgr-cfg", "namespace": "http://cisco.com/ns/yang/Cisco-IOS-XR-bundlemgr-cfg", "location": "NETCONF", "version": "2016-05-12", "format": "yang"}, {"identifier": "Cisco-IOS-XR-clns-isis-cfg", "namespace": "http://cisco.com/ns/yang/Cisco-IOS-XR-clns-isis-cfg", "location": "NETCONF", "version": "2015-11-09", "format": "yang"}, {"identifier": "Cisco-IOS-XR-invmgr-oper", "namespace": "http://cisco.com/ns/yang/Cisco-IOS-XR-invmgr-oper", "location": "NETCONF", "version": "2015-11-09", "format": "yang"}, {"identifier": "Cisco-IOS-XR-invmgr-oper-sub4", "namespace": "http://cisco.com/ns/yang/Cisco-IOS-XR-invmgr-oper", "location": "NETCONF", "version": "2015-11-09", "format": "yang"}, {"identifier": "Cisco-IOS-XR-invmgr-oper-sub1", "namespace": "http://cisco.com/ns/yang/Cisco-IOS-XR-invmgr-oper", "location": "NETCONF", "version": "2015-11-09", "format": "yang"}, {"identifier": "Cisco-IOS-XR-invmgr-oper-sub3", "namespace": "http://cisco.com/ns/yang/Cisco-IOS-XR-invmgr-oper", "location": "NETCONF", "version": "2015-11-09", "format": "yang"}, {"identifier": "Cisco-IOS-XR-invmgr-oper-sub2", "namespace": "http://cisco.com/ns/yang/Cisco-IOS-XR-invmgr-oper", "location": "NETCONF", "version": "2015-11-09", "format": "yang"}, {"identifier": "Cisco-IOS-XR-controller-optics-cfg", "namespace": "http://cisco.com/ns/yang/Cisco-IOS-XR-controller-optics-cfg", "location": "NETCONF", "version": "2015-11-09", "format": "yang"}, {"identifier": "Cisco-IOS-XR-pmengine-oper", "namespace": "http://cisco.com/ns/yang/Cisco-IOS-XR-pmengine-oper", "location": "NETCONF", "version": "2015-11-09", "format": "yang"}, {"identifier": "Cisco-IOS-XR-pmengine-oper-sub1", "namespace": "http://cisco.com/ns/yang/Cisco-IOS-XR-pmengine-oper", "location": "NETCONF", "version": "2015-11-09", "format": "yang"}, {"identifier": "Cisco-IOS-XR-telemetry-model-driven-oper", "namespace": "http://cisco.com/ns/yang/Cisco-IOS-XR-telemetry-model-driven-oper", "location": "NETCONF", "version": "2015-11-09", "format": "yang"}, {"identifier": "Cisco-IOS-XR-telemetry-model-driven-oper-sub1", "namespace": "http://cisco.com/ns/yang/Cisco-IOS-XR-telemetry-model-driven-oper", "location": "NETCONF", "version": "2015-11-09", "format": "yang"}, {"identifier": "Cisco-IOS-XR-ip-tcp-cfg", "namespace": "http://cisco.com/ns/yang/Cisco-IOS-XR-ip-tcp-cfg", "location": "NETCONF", "version": "2016-02-26", "format": "yang"}, {"identifier": "Cisco-IOS-XR-ipv4-ospf-oper", "namespace": "http://cisco.com/ns/yang/Cisco-IOS-XR-ipv4-ospf-oper", "location": "NETCONF", "version": "2015-11-09", "format": "yang"}, {"identifier": "Cisco-IOS-XR-ipv4-ospf-oper-sub1", "namespace": "http://cisco.com/ns/yang/Cisco-IOS-XR-ipv4-ospf-oper", "location": "NETCONF", "version": "2015-11-09", "format": "yang"}, {"identifier": "Cisco-IOS-XR-ipv4-ospf-oper-sub2", "namespace": "http://cisco.com/ns/yang/Cisco-IOS-XR-ipv4-ospf-oper", "location": "NETCONF", "version": "2015-11-09", "format": "yang"}, {"identifier": "ietf-inet-types", "namespace": "urn:ietf:params:xml:ns:yang:ietf-inet-types", "location": "NETCONF", "version": "2013-07-15", "format": "yang"}, {"identifier": "Cisco-IOS-XR-drivers-media-eth-cfg", "namespace": "http://cisco.com/ns/yang/Cisco-IOS-XR-drivers-media-eth-cfg", "location": "NETCONF", "version": "2015-07-30", "format": "yang"}, {"identifier": "Cisco-IOS-XR-ipv6-io-oper", "namespace": "http://cisco.com/ns/yang/Cisco-IOS-XR-ipv6-io-oper", "location": "NETCONF", "version": "2015-11-09", "format": "yang"}, {"identifier": "Cisco-IOS-XR-ipv6-io-oper-sub1", "namespace": "http://cisco.com/ns/yang/Cisco-IOS-XR-ipv6-io-oper", "location": "NETCONF", "version": "2015-11-09", "format": "yang"}, {"identifier": "Cisco-IOS-XR-ipv4-ma-cfg", "namespace": "http://cisco.com/ns/yang/Cisco-IOS-XR-ipv4-ma-cfg", "location": "NETCONF", "version": "2015-07-30", "format": "yang"}, {"identifier": "Cisco-IOS-XR-ip-rib-cfg", "namespace": "http://cisco.com/ns/yang/Cisco-IOS-XR-ip-rib-cfg", "location": "NETCONF", "version": "2015-11-09", "format": "yang"}, {"identifier": "Cisco-IOS-XR-lib-mpp-cfg", "namespace": "http://cisco.com/ns/yang/Cisco-IOS-XR-lib-mpp-cfg", "location": "NETCONF", "version": "2015-07-30", "format": "yang"}, {"identifier": "Cisco-IOS-XR-lpts-pre-ifib-oper", "namespace": "http://cisco.com/ns/yang/Cisco-IOS-XR-lpts-pre-ifib-oper", "location": "NETCONF", "version": "2016-02-22", "format": "yang"}, {"identifier": "Cisco-IOS-XR-lpts-pre-ifib-oper-sub1", "namespace": "http://cisco.com/ns/yang/Cisco-IOS-XR-lpts-pre-ifib-oper", "location": "NETCONF", "version": "2016-02-22", "format": "yang"}, {"identifier": "Cisco-IOS-XR-ipv4-bgp-oper", "namespace": "http://cisco.com/ns/yang/Cisco-IOS-XR-ipv4-bgp-oper", "location": "NETCONF", "version": "2015-08-27", "format": "yang"}, {"identifier": "Cisco-IOS-XR-ipv4-bgp-oper-sub1", "namespace": "http://cisco.com/ns/yang/Cisco-IOS-XR-ipv4-bgp-oper", "location": "NETCONF", "version": "2015-08-27", "format": "yang"}, {"identifier": "Cisco-IOS-XR-snmp-frucontrolmib-cfg", "namespace": "http://cisco.com/ns/yang/Cisco-IOS-XR-snmp-frucontrolmib-cfg", "location": "NETCONF", "version": "2015-01-07", "format": "yang"}, {"identifier": "Cisco-IOS-XR-telemetry-model-driven-cfg", "namespace": "http://cisco.com/ns/yang/Cisco-IOS-XR-telemetry-model-driven-cfg", "location": "NETCONF", "version": "2015-11-09", "format": "yang"}, {"identifier": "Cisco-IOS-XR-shellutil-filesystem-oper", "namespace": "http://cisco.com/ns/yang/Cisco-IOS-XR-shellutil-filesystem-oper", "location": "NETCONF", "version": "2015-11-09", "format": "yang"}, {"identifier": "Cisco-IOS-XR-shellutil-filesystem-oper-sub1", "namespace": "http://cisco.com/ns/yang/Cisco-IOS-XR-shellutil-filesystem-oper", "location": "NETCONF", "version": "2015-11-09", "format": "yang"}, {"identifier": "Cisco-IOS-XR-infra-syslog-oper", "namespace": "http://cisco.com/ns/yang/Cisco-IOS-XR-infra-syslog-oper", "location": "NETCONF", "version": "2016-06-24", "format": "yang"}, {"identifier": "Cisco-IOS-XR-infra-syslog-oper-sub1", "namespace": "http://cisco.com/ns/yang/Cisco-IOS-XR-infra-syslog-oper", "location": "NETCONF", "version": "2016-06-24", "format": "yang"}, {"identifier": "Cisco-IOS-XR-bundlemgr-oper", "namespace": "http://cisco.com/ns/yang/Cisco-IOS-XR-bundlemgr-oper", "location": "NETCONF", "version": "2015-11-09", "format": "yang"}, {"identifier": "Cisco-IOS-XR-bundlemgr-oper-sub1", "namespace": "http://cisco.com/ns/yang/Cisco-IOS-XR-bundlemgr-oper", "location": "NETCONF", "version": "2015-11-09", "format": "yang"}, {"identifier": "Cisco-IOS-XR-bundlemgr-oper-sub2", "namespace": "http://cisco.com/ns/yang/Cisco-IOS-XR-bundlemgr-oper", "location": "NETCONF", "version": "2015-11-09", "format": "yang"}, {"identifier": "Cisco-IOS-XR-lib-keychain-cfg", "namespace": "http://cisco.com/ns/yang/Cisco-IOS-XR-lib-keychain-cfg", "location": "NETCONF", "version": "2015-07-30", "format": "yang"}, {"identifier": "Cisco-IOS-XR-procmem-oper", "namespace": "http://cisco.com/ns/yang/Cisco-IOS-XR-procmem-oper", "location": "NETCONF", "version": "2015-11-09", "format": "yang"}, {"identifier": "Cisco-IOS-XR-procmem-oper-sub1", "namespace": "http://cisco.com/ns/yang/Cisco-IOS-XR-procmem-oper", "location": "NETCONF", "version": "2015-11-09", "format": "yang"}, {"identifier": "Cisco-IOS-XR-aaa-locald-admin-cfg", "namespace": "http://cisco.com/ns/yang/Cisco-IOS-XR-aaa-locald-admin-cfg", "location": "NETCONF", "version": "2015-11-09", "format": "yang"}, {"identifier": "Cisco-IOS-XR-infra-alarm-logger-oper", "namespace": "http://cisco.com/ns/yang/Cisco-IOS-XR-infra-alarm-logger-oper", "location": "NETCONF", "version": "2015-01-07", "format": "yang"}, {"identifier": "Cisco-IOS-XR-infra-alarm-logger-oper-sub1", "namespace": "http://cisco.com/ns/yang/Cisco-IOS-XR-infra-alarm-logger-oper", "location": "NETCONF", "version": "2015-01-07", "format": "yang"}, {"identifier": "Cisco-IOS-XR-plat-chas-invmgr-oper", "namespace": "http://cisco.com/ns/yang/Cisco-IOS-XR-plat-chas-invmgr-oper", "location": "NETCONF", "version": "2015-01-07", "format": "yang"}, {"identifier": "Cisco-IOS-XR-plat-chas-invmgr-oper-sub1", "namespace": "http://cisco.com/ns/yang/Cisco-IOS-XR-plat-chas-invmgr-oper", "location": "NETCONF", "version": "2015-01-07", "format": "yang"}, {"identifier": "Cisco-IOS-XR-plat-chas-invmgr-oper-sub2", "namespace": "http://cisco.com/ns/yang/Cisco-IOS-XR-plat-chas-invmgr-oper", "location": "NETCONF", "version": "2015-01-07", "format": "yang"}, {"identifier": "Cisco-IOS-XR-shellutil-cfg", "namespace": "http://cisco.com/ns/yang/Cisco-IOS-XR-shellutil-cfg", "location": "NETCONF", "version": "2015-10-12", "format": "yang"}, {"identifier": "Cisco-IOS-XR-ip-sbfd-cfg", "namespace": "http://cisco.com/ns/yang/Cisco-IOS-XR-ip-sbfd-cfg", "location": "NETCONF", "version": "2015-11-09", "format": "yang"}, {"identifier": "Cisco-IOS-XR-ipv6-ospfv3-cfg", "namespace": "http://cisco.com/ns/yang/Cisco-IOS-XR-ipv6-ospfv3-cfg", "location": "NETCONF", "version": "2015-11-09", "format": "yang"}, {"identifier": "Cisco-IOS-XR-shellutil-oper", "namespace": "http://cisco.com/ns/yang/Cisco-IOS-XR-shellutil-oper", "location": "NETCONF", "version": "2015-01-07", "format": "yang"}, {"identifier": "Cisco-IOS-XR-shellutil-oper-sub1", "namespace": "http://cisco.com/ns/yang/Cisco-IOS-XR-shellutil-oper", "location": "NETCONF", "version": "2015-01-07", "format": "yang"}, {"identifier": "Cisco-IOS-XR-types", "namespace": "http://cisco.com/ns/yang/cisco-xr-types", "location": "NETCONF", "version": "2015-06-29", "format": "yang"}, {"identifier": "Cisco-IOS-XR-l2vpn-cfg", "namespace": "http://cisco.com/ns/yang/Cisco-IOS-XR-l2vpn-cfg", "location": "NETCONF", "version": "2015-11-09", "format": "yang"}, {"identifier": "Cisco-IOS-XR-aaa-protocol-radius-cfg", "namespace": "http://cisco.com/ns/yang/Cisco-IOS-XR-aaa-protocol-radius-cfg", "location": "NETCONF", "version": "2015-11-09", "format": "yang"}, {"identifier": "Cisco-IOS-XR-otnifmib-cfg", "namespace": "http://cisco.com/ns/yang/Cisco-IOS-XR-otnifmib-cfg", "location": "NETCONF", "version": "2015-11-09", "format": "yang"}, {"identifier": "Cisco-IOS-XR-ipv4-ma-oper", "namespace": "http://cisco.com/ns/yang/Cisco-IOS-XR-ipv4-ma-oper", "location": "NETCONF", "version": "2015-10-20", "format": "yang"}, {"identifier": "Cisco-IOS-XR-ipv4-ma-oper-sub1", "namespace": "http://cisco.com/ns/yang/Cisco-IOS-XR-ipv4-ma-oper", "location": "NETCONF", "version": "2015-10-20", "format": "yang"}, {"identifier": "Cisco-IOS-XR-ipv6-smiap-cfg", "namespace": "http://cisco.com/ns/yang/Cisco-IOS-XR-ipv6-smiap-cfg", "location": "NETCONF", "version": "2016-07-04", "format": "yang"}, {"identifier": "Cisco-IOS-XR-ip-rsvp-oper", "namespace": "http://cisco.com/ns/yang/Cisco-IOS-XR-ip-rsvp-oper", "location": "NETCONF", "version": "2015-11-09", "format": "yang"}, {"identifier": "Cisco-IOS-XR-ip-rsvp-oper-sub2", "namespace": "http://cisco.com/ns/yang/Cisco-IOS-XR-ip-rsvp-oper", "location": "NETCONF", "version": "2015-11-09", "format": "yang"}, {"identifier": "Cisco-IOS-XR-ip-rsvp-oper-sub1", "namespace": "http://cisco.com/ns/yang/Cisco-IOS-XR-ip-rsvp-oper", "location": "NETCONF", "version": "2015-11-09", "format": "yang"}, {"identifier": "Cisco-IOS-XR-aaa-locald-oper", "namespace": "http://cisco.com/ns/yang/Cisco-IOS-XR-aaa-locald-oper", "location": "NETCONF", "version": "2015-11-09", "format": "yang"}, {"identifier": "Cisco-IOS-XR-aaa-locald-oper-sub1", "namespace": "http://cisco.com/ns/yang/Cisco-IOS-XR-aaa-locald-oper", "location": "NETCONF", "version": "2015-11-09", "format": "yang"}, {"identifier": "Cisco-IOS-XR-infra-rmf-oper", "namespace": "http://cisco.com/ns/yang/Cisco-IOS-XR-infra-rmf-oper", "location": "NETCONF", "version": "2015-11-09", "format": "yang"}, {"identifier": "Cisco-IOS-XR-infra-rmf-oper-sub1", "namespace": "http://cisco.com/ns/yang/Cisco-IOS-XR-infra-rmf-oper", "location": "NETCONF", "version": "2015-11-09", "format": "yang"}, {"identifier": "Cisco-IOS-XR-infra-tc-cfg", "namespace": "http://cisco.com/ns/yang/Cisco-IOS-XR-infra-tc-cfg", "location": "NETCONF", "version": "2015-11-09", "format": "yang"}, {"identifier": "Cisco-IOS-XR-snmp-syslogmib-cfg", "namespace": "http://cisco.com/ns/yang/Cisco-IOS-XR-snmp-syslogmib-cfg", "location": "NETCONF", "version": "2015-12-01", "format": "yang"}, {"identifier": "Cisco-IOS-XR-mpls-te-cfg", "namespace": "http://cisco.com/ns/yang/Cisco-IOS-XR-mpls-te-cfg", "location": "NETCONF", "version": "2015-11-09", "format": "yang"}, {"identifier": "Cisco-IOS-XR-wdsysmon-fd-oper", "namespace": "http://cisco.com/ns/yang/Cisco-IOS-XR-wdsysmon-fd-oper", "location": "NETCONF", "version": "2015-11-09", "format": "yang"}, {"identifier": "Cisco-IOS-XR-wdsysmon-fd-oper-sub1", "namespace": "http://cisco.com/ns/yang/Cisco-IOS-XR-wdsysmon-fd-oper", "location": "NETCONF", "version": "2015-11-09", "format": "yang"}, {"identifier": "Cisco-IOS-XR-ip-iarm-vrf-cfg", "namespace": "http://cisco.com/ns/yang/Cisco-IOS-XR-ip-iarm-vrf-cfg", "location": "NETCONF", "version": "2015-11-09", "format": "yang"}, {"identifier": "Cisco-IOS-XR-alarmgr-server-oper", "namespace": "http://cisco.com/ns/yang/Cisco-IOS-XR-alarmgr-server-oper", "location": "NETCONF", "version": "2015-11-09", "format": "yang"}, {"identifier": "Cisco-IOS-XR-alarmgr-server-oper-sub1", "namespace": "http://cisco.com/ns/yang/Cisco-IOS-XR-alarmgr-server-oper", "location": "NETCONF", "version": "2015-11-09", "format": "yang"}, {"identifier": "Cisco-IOS-XR-ha-eem-cfg", "namespace": "http://cisco.com/ns/yang/Cisco-IOS-XR-ha-eem-cfg", "location": "NETCONF", "version": "2015-07-30", "format": "yang"}, {"identifier": "Cisco-IOS-XR-ip-iep-cfg", "namespace": "http://cisco.com/ns/yang/Cisco-IOS-XR-ip-iep-cfg", "location": "NETCONF", "version": "2015-11-09", "format": "yang"}, {"identifier": "Cisco-IOS-XR-infra-alarm-logger-cfg", "namespace": "http://cisco.com/ns/yang/Cisco-IOS-XR-infra-alarm-logger-cfg", "location": "NETCONF", "version": "2015-07-30", "format": "yang"}, {"identifier": "Cisco-IOS-XR-ip-ntp-cfg", "namespace": "http://cisco.com/ns/yang/Cisco-IOS-XR-ip-ntp-cfg", "location": "NETCONF", "version": "2015-11-09", "format": "yang"}, {"identifier": "Cisco-IOS-XR-tty-management-cmd-oper", "namespace": "http://cisco.com/ns/yang/Cisco-IOS-XR-tty-management-cmd-oper", "location": "NETCONF", "version": "2015-11-09", "format": "yang"}, {"identifier": "Cisco-IOS-XR-tty-management-cmd-oper-sub1", "namespace": "http://cisco.com/ns/yang/Cisco-IOS-XR-tty-management-cmd-oper", "location": "NETCONF", "version": "2015-11-09", "format": "yang"}, {"identifier": "Cisco-IOS-XR-ip-pfilter-cfg", "namespace": "http://cisco.com/ns/yang/Cisco-IOS-XR-ip-pfilter-cfg", "location": "NETCONF", "version": "2015-11-09", "format": "yang"}, {"identifier": "Cisco-IOS-XR-ip-sbfd-oper", "namespace": "http://cisco.com/ns/yang/Cisco-IOS-XR-ip-sbfd-oper", "location": "NETCONF", "version": "2015-11-09", "format": "yang"}, {"identifier": "Cisco-IOS-XR-ip-sbfd-oper-sub1", "namespace": "http://cisco.com/ns/yang/Cisco-IOS-XR-ip-sbfd-oper", "location": "NETCONF", "version": "2015-11-09", "format": "yang"}, {"identifier": "Cisco-IOS-XR-cdp-oper", "namespace": "http://cisco.com/ns/yang/Cisco-IOS-XR-cdp-oper", "location": "NETCONF", "version": "2015-07-30", "format": "yang"}, {"identifier": "Cisco-IOS-XR-cdp-oper-sub1", "namespace": "http://cisco.com/ns/yang/Cisco-IOS-XR-cdp-oper", "location": "NETCONF", "version": "2015-07-30", "format": "yang"}, {"identifier": "Cisco-IOS-XR-snmp-test-trap-act", "namespace": "http://cisco.com/ns/yang/Cisco-IOS-XR-snmp-test-trap-act", "location": "NETCONF", "version": "2016-04-17", "format": "yang"}, {"identifier": "Cisco-IOS-XR-aaa-lib-cfg", "namespace": "http://cisco.com/ns/yang/Cisco-IOS-XR-aaa-lib-cfg", "location": "NETCONF", "version": "2015-11-09", "format": "yang"}, {"identifier": "Cisco-IOS-XR-mpls-ldp-cfg", "namespace": "http://cisco.com/ns/yang/Cisco-IOS-XR-mpls-ldp-cfg", "location": "NETCONF", "version": "2015-11-09", "format": "yang"}, {"identifier": "Cisco-IOS-XR-ipv6-io-cfg", "namespace": "http://cisco.com/ns/yang/Cisco-IOS-XR-ipv6-io-cfg", "location": "NETCONF", "version": "2016-05-10", "format": "yang"}, {"identifier": "Cisco-IOS-XR-ipv4-hsrp-oper", "namespace": "http://cisco.com/ns/yang/Cisco-IOS-XR-ipv4-hsrp-oper", "location": "NETCONF", "version": "2015-11-09", "format": "yang"}, {"identifier": "Cisco-IOS-XR-ipv4-hsrp-oper-sub1", "namespace": "http://cisco.com/ns/yang/Cisco-IOS-XR-ipv4-hsrp-oper", "location": "NETCONF", "version": "2015-11-09", "format": "yang"}, {"identifier": "Cisco-IOS-XR-aaa-tacacs-cfg", "namespace": "http://cisco.com/ns/yang/Cisco-IOS-XR-aaa-tacacs-cfg", "location": "NETCONF", "version": "2015-11-09", "format": "yang"}, {"identifier": "Cisco-IOS-XR-controller-otu-oper", "namespace": "http://cisco.com/ns/yang/Cisco-IOS-XR-controller-otu-oper", "location": "NETCONF", "version": "2015-11-09", "format": "yang"}, {"identifier": "Cisco-IOS-XR-controller-otu-oper-sub1", "namespace": "http://cisco.com/ns/yang/Cisco-IOS-XR-controller-otu-oper", "location": "NETCONF", "version": "2015-11-09", "format": "yang"}, {"identifier": "Cisco-IOS-XR-ipv6-acl-datatypes", "namespace": "http://cisco.com/ns/yang/Cisco-IOS-XR-ipv6-acl-datatypes", "location": "NETCONF", "version": "2015-11-09", "format": "yang"}, {"identifier": "Cisco-IOS-XR-ipv6-ma-cfg", "namespace": "http://cisco.com/ns/yang/Cisco-IOS-XR-ipv6-ma-cfg", "location": "NETCONF", "version": "2015-07-30", "format": "yang"}, {"identifier": "Cisco-IOS-XR-infra-systemmib-cfg", "namespace": "http://cisco.com/ns/yang/Cisco-IOS-XR-infra-systemmib-cfg", "location": "NETCONF", "version": "2015-11-09", "format": "yang"}, {"identifier": "Cisco-IOS-XR-rgmgr-oper", "namespace": "http://cisco.com/ns/yang/Cisco-IOS-XR-rgmgr-oper", "location": "NETCONF", "version": "2015-01-07", "format": "yang"}, {"identifier": "Cisco-IOS-XR-rgmgr-oper-sub1", "namespace": "http://cisco.com/ns/yang/Cisco-IOS-XR-rgmgr-oper", "location": "NETCONF", "version": "2015-01-07", "format": "yang"}, {"identifier": "Cisco-IOS-XR-ipv6-ma-oper", "namespace": "http://cisco.com/ns/yang/Cisco-IOS-XR-ipv6-ma-oper", "location": "NETCONF", "version": "2015-10-20", "format": "yang"}, {"identifier": "Cisco-IOS-XR-ipv6-ma-oper-sub1", "namespace": "http://cisco.com/ns/yang/Cisco-IOS-XR-ipv6-ma-oper", "location": "NETCONF", "version": "2015-10-20", "format": "yang"}, {"identifier": "Cisco-IOS-XR-mpls-te-datatypes", "namespace": "http://cisco.com/ns/yang/Cisco-IOS-XR-mpls-te-datatypes", "location": "NETCONF", "version": "2015-11-09", "format": "yang"}, {"identifier": "Cisco-IOS-XR-infra-syslog-cfg", "namespace": "http://cisco.com/ns/yang/Cisco-IOS-XR-infra-syslog-cfg", "location": "NETCONF", "version": "2016-06-22", "format": "yang"}, {"identifier": "Cisco-IOS-XR-infra-objmgr-cfg", "namespace": "http://cisco.com/ns/yang/Cisco-IOS-XR-infra-objmgr-cfg", "location": "NETCONF", "version": "2015-11-09", "format": "yang"}, {"identifier": "Cisco-IOS-XR-cmproxy-oper", "namespace": "http://cisco.com/ns/yang/Cisco-IOS-XR-cmproxy-oper", "location": "NETCONF", "version": "2015-11-09", "format": "yang"}, {"identifier": "Cisco-IOS-XR-cmproxy-oper-sub1", "namespace": "http://cisco.com/ns/yang/Cisco-IOS-XR-cmproxy-oper", "location": "NETCONF", "version": "2015-11-09", "format": "yang"}, {"identifier": "Cisco-IOS-XR-syslog-act", "namespace": "http://cisco.com/ns/yang/Cisco-IOS-XR-syslog-act", "location": "NETCONF", "version": "2016-04-17", "format": "yang"}, {"identifier": "Cisco-IOS-XR-spirit-corehelper-cfg", "namespace": "http://cisco.com/ns/yang/Cisco-IOS-XR-spirit-corehelper-cfg", "location": "NETCONF", "version": "2015-11-09", "format": "yang"}, {"identifier": "Cisco-IOS-XR-ipv4-acl-oper", "namespace": "http://cisco.com/ns/yang/Cisco-IOS-XR-ipv4-acl-oper", "location": "NETCONF", "version": "2015-11-09", "format": "yang"}, {"identifier": "Cisco-IOS-XR-ipv4-acl-oper-sub1", "namespace": "http://cisco.com/ns/yang/Cisco-IOS-XR-ipv4-acl-oper", "location": "NETCONF", "version": "2015-11-09", "format": "yang"}, {"identifier": "Cisco-IOS-XR-infra-correlator-oper", "namespace": "http://cisco.com/ns/yang/Cisco-IOS-XR-infra-correlator-oper", "location": "NETCONF", "version": "2015-11-09", "format": "yang"}, {"identifier": "Cisco-IOS-XR-infra-correlator-oper-sub1", "namespace": "http://cisco.com/ns/yang/Cisco-IOS-XR-infra-correlator-oper", "location": "NETCONF", "version": "2015-11-09", "format": "yang"}, {"identifier": "Cisco-IOS-XR-ip-icmp-cfg", "namespace": "http://cisco.com/ns/yang/Cisco-IOS-XR-ip-icmp-cfg", "location": "NETCONF", "version": "2015-11-09", "format": "yang"}, {"identifier": "Cisco-IOS-XR-parser-cfg", "namespace": "http://cisco.com/ns/yang/Cisco-IOS-XR-parser-cfg", "location": "NETCONF", "version": "2015-06-02", "format": "yang"}, {"identifier": "Cisco-IOS-XR-qos-ma-oper", "namespace": "http://cisco.com/ns/yang/Cisco-IOS-XR-qos-ma-oper", "location": "NETCONF", "version": "2016-03-03", "format": "yang"}, {"identifier": "Cisco-IOS-XR-mdrv-lib-cfg", "namespace": "http://cisco.com/ns/yang/Cisco-IOS-XR-mdrv-lib-cfg", "location": "NETCONF", "version": "2015-11-09", "format": "yang"}, {"identifier": "Cisco-IOS-XR-tty-management-oper", "namespace": "http://cisco.com/ns/yang/Cisco-IOS-XR-tty-management-oper", "location": "NETCONF", "version": "2015-01-07", "format": "yang"}, {"identifier": "Cisco-IOS-XR-tty-management-oper-sub1", "namespace": "http://cisco.com/ns/yang/Cisco-IOS-XR-tty-management-oper", "location": "NETCONF", "version": "2015-01-07", "format": "yang"}, {"identifier": "ietf-syslog-types", "namespace": "urn:ietf:params:xml:ns:yang:ietf-syslog-types", "location": "NETCONF", "version": "2015-11-09", "format": "yang"}, {"identifier": "Cisco-IOS-XR-tty-server-oper", "namespace": "http://cisco.com/ns/yang/Cisco-IOS-XR-tty-server-oper", "location": "NETCONF", "version": "2015-07-30", "format": "yang"}, {"identifier": "Cisco-IOS-XR-tty-server-oper-sub5", "namespace": "http://cisco.com/ns/yang/Cisco-IOS-XR-tty-server-oper", "location": "NETCONF", "version": "2015-07-30", "format": "yang"}, {"identifier": "Cisco-IOS-XR-tty-server-oper-sub4", "namespace": "http://cisco.com/ns/yang/Cisco-IOS-XR-tty-server-oper", "location": "NETCONF", "version": "2015-07-30", "format": "yang"}, {"identifier": "Cisco-IOS-XR-tty-server-oper-sub3", "namespace": "http://cisco.com/ns/yang/Cisco-IOS-XR-tty-server-oper", "location": "NETCONF", "version": "2015-07-30", "format": "yang"}, {"identifier": "Cisco-IOS-XR-tty-server-oper-sub2", "namespace": "http://cisco.com/ns/yang/Cisco-IOS-XR-tty-server-oper", "location": "NETCONF", "version": "2015-07-30", "format": "yang"}, {"identifier": "Cisco-IOS-XR-tty-server-oper-sub1", "namespace": "http://cisco.com/ns/yang/Cisco-IOS-XR-tty-server-oper", "location": "NETCONF", "version": "2015-07-30", "format": "yang"}, {"identifier": "Cisco-IOS-XR-ip-ntp-admin-oper", "namespace": "http://cisco.com/ns/yang/Cisco-IOS-XR-ip-ntp-admin-oper", "location": "NETCONF", "version": "2015-11-09", "format": "yang"}, {"identifier": "Cisco-IOS-XR-ip-ntp-admin-oper-sub1", "namespace": "http://cisco.com/ns/yang/Cisco-IOS-XR-ip-ntp-admin-oper", "location": "NETCONF", "version": "2015-11-09", "format": "yang"}, {"identifier": "Cisco-IOS-XR-cdp-cfg", "namespace": "http://cisco.com/ns/yang/Cisco-IOS-XR-cdp-cfg", "location": "NETCONF", "version": "2015-07-30", "format": "yang"}, {"identifier": "Cisco-IOS-XR-ip-iep-oper", "namespace": "http://cisco.com/ns/yang/Cisco-IOS-XR-ip-iep-oper", "location": "NETCONF", "version": "2015-11-09", "format": "yang"}, {"identifier": "Cisco-IOS-XR-ip-iep-oper-sub1", "namespace": "http://cisco.com/ns/yang/Cisco-IOS-XR-ip-iep-oper", "location": "NETCONF", "version": "2015-11-09", "format": "yang"}, {"identifier": "Cisco-IOS-XR-ipv4-io-oper", "namespace": "http://cisco.com/ns/yang/Cisco-IOS-XR-ipv4-io-oper", "location": "NETCONF", "version": "2015-10-20", "format": "yang"}, {"identifier": "Cisco-IOS-XR-ipv4-io-oper-sub2", "namespace": "http://cisco.com/ns/yang/Cisco-IOS-XR-ipv4-io-oper", "location": "NETCONF", "version": "2015-10-20", "format": "yang"}, {"identifier": "Cisco-IOS-XR-ipv4-io-oper-sub1", "namespace": "http://cisco.com/ns/yang/Cisco-IOS-XR-ipv4-io-oper", "location": "NETCONF", "version": "2015-10-20", "format": "yang"}, {"identifier": "Cisco-IOS-XR-infra-policymgr-oper", "namespace": "http://cisco.com/ns/yang/Cisco-IOS-XR-infra-policymgr-oper", "location": "NETCONF", "version": "2015-11-09", "format": "yang"}, {"identifier": "Cisco-IOS-XR-infra-policymgr-oper-sub1", "namespace": "http://cisco.com/ns/yang/Cisco-IOS-XR-infra-policymgr-oper", "location": "NETCONF", "version": "2015-11-09", "format": "yang"}, {"identifier": "Cisco-IOS-XR-infra-policymgr-oper-sub2", "namespace": "http://cisco.com/ns/yang/Cisco-IOS-XR-infra-policymgr-oper", "location": "NETCONF", "version": "2015-11-09", "format": "yang"}, {"identifier": "Cisco-IOS-XR-manageability-perfmgmt-oper", "namespace": "http://cisco.com/ns/yang/Cisco-IOS-XR-manageability-perfmgmt-oper", "location": "NETCONF", "version": "2015-11-09", "format": "yang"}, {"identifier": "Cisco-IOS-XR-manageability-perfmgmt-oper-sub1", "namespace": "http://cisco.com/ns/yang/Cisco-IOS-XR-manageability-perfmgmt-oper", "location": "NETCONF", "version": "2015-11-09", "format": "yang"}, {"identifier": "Cisco-IOS-XR-config-mibs-cfg", "namespace": "http://cisco.com/ns/yang/Cisco-IOS-XR-config-mibs-cfg", "location": "NETCONF", "version": "2015-01-07", "format": "yang"}, {"identifier": "Cisco-IOS-XR-tty-management-datatypes", "namespace": "http://cisco.com/ns/yang/Cisco-IOS-XR-tty-management-datatypes", "location": "NETCONF", "version": "2015-01-07", "format": "yang"}, {"identifier": "Cisco-IOS-XR-infra-correlator-cfg", "namespace": "http://cisco.com/ns/yang/Cisco-IOS-XR-infra-correlator-cfg", "location": "NETCONF", "version": "2015-11-09", "format": "yang"}, {"identifier": "Cisco-IOS-XR-fib-common-oper", "namespace": "http://cisco.com/ns/yang/Cisco-IOS-XR-fib-common-oper", "location": "NETCONF", "version": "2015-11-09", "format": "yang"}, {"identifier": "Cisco-IOS-XR-fib-common-oper-sub4", "namespace": "http://cisco.com/ns/yang/Cisco-IOS-XR-fib-common-oper", "location": "NETCONF", "version": "2015-11-09", "format": "yang"}, {"identifier": "Cisco-IOS-XR-fib-common-oper-sub3", "namespace": "http://cisco.com/ns/yang/Cisco-IOS-XR-fib-common-oper", "location": "NETCONF", "version": "2015-11-09", "format": "yang"}, {"identifier": "Cisco-IOS-XR-fib-common-oper-sub2", "namespace": "http://cisco.com/ns/yang/Cisco-IOS-XR-fib-common-oper", "location": "NETCONF", "version": "2015-11-09", "format": "yang"}, {"identifier": "Cisco-IOS-XR-fib-common-oper-sub1", "namespace": "http://cisco.com/ns/yang/Cisco-IOS-XR-fib-common-oper", "location": "NETCONF", "version": "2015-11-09", "format": "yang"}, {"identifier": "Cisco-IOS-XR-infra-objmgr-oper", "namespace": "http://cisco.com/ns/yang/Cisco-IOS-XR-infra-objmgr-oper", "location": "NETCONF", "version": "2015-11-09", "format": "yang"}, {"identifier": "Cisco-IOS-XR-infra-objmgr-oper-sub1", "namespace": "http://cisco.com/ns/yang/Cisco-IOS-XR-infra-objmgr-oper", "location": "NETCONF", "version": "2015-11-09", "format": "yang"}, {"identifier": "Cisco-IOS-XR-man-ems-cfg", "namespace": "http://cisco.com/ns/yang/Cisco-IOS-XR-man-ems-cfg", "location": "NETCONF", "version": "2015-11-09", "format": "yang"}, {"identifier": "Cisco-IOS-XR-ipv4-acl-datatypes", "namespace": "http://cisco.com/ns/yang/Cisco-IOS-XR-ipv4-acl-datatypes", "location": "NETCONF", "version": "2015-11-09", "format": "yang"}, {"identifier": "Cisco-IOS-XR-ipv6-nd-cfg", "namespace": "http://cisco.com/ns/yang/Cisco-IOS-XR-ipv6-nd-cfg", "location": "NETCONF", "version": "2015-11-09", "format": "yang"}, {"identifier": "Cisco-IOS-XR-ipv4-hsrp-cfg", "namespace": "http://cisco.com/ns/yang/Cisco-IOS-XR-ipv4-hsrp-cfg", "location": "NETCONF", "version": "2015-11-09", "format": "yang"}, {"identifier": "Cisco-IOS-XR-infra-infra-locale-cfg", "namespace": "http://cisco.com/ns/yang/Cisco-IOS-XR-infra-infra-locale-cfg", "location": "NETCONF", "version": "2015-11-09", "format": "yang"}, {"identifier": "Cisco-IOS-XR-policy-repository-oper", "namespace": "http://cisco.com/ns/yang/Cisco-IOS-XR-policy-repository-oper", "location": "NETCONF", "version": "2015-11-09", "format": "yang"}, {"identifier": "Cisco-IOS-XR-policy-repository-oper-sub1", "namespace": "http://cisco.com/ns/yang/Cisco-IOS-XR-policy-repository-oper", "location": "NETCONF", "version": "2015-11-09", "format": "yang"}, {"identifier": "Cisco-IOS-XR-infra-statsd-cfg", "namespace": "http://cisco.com/ns/yang/Cisco-IOS-XR-infra-statsd-cfg", "location": "NETCONF", "version": "2015-11-09", "format": "yang"}, {"identifier": "Cisco-IOS-XR-fib-common-cfg", "namespace": "http://cisco.com/ns/yang/Cisco-IOS-XR-fib-common-cfg", "location": "NETCONF", "version": "2015-11-09", "format": "yang"}, {"identifier": "Cisco-IOS-XR-ip-domain-cfg", "namespace": "http://cisco.com/ns/yang/Cisco-IOS-XR-ip-domain-cfg", "location": "NETCONF", "version": "2015-05-13", "format": "yang"}, {"identifier": "Cisco-IOS-XR-ipv6-ospfv3-oper", "namespace": "http://cisco.com/ns/yang/Cisco-IOS-XR-ipv6-ospfv3-oper", "location": "NETCONF", "version": "2015-11-09", "format": "yang"}, {"identifier": "Cisco-IOS-XR-ipv6-ospfv3-oper-sub1", "namespace": "http://cisco.com/ns/yang/Cisco-IOS-XR-ipv6-ospfv3-oper", "location": "NETCONF", "version": "2015-11-09", "format": "yang"}, {"identifier": "Cisco-IOS-XR-infra-ceredundancymib-cfg", "namespace": "http://cisco.com/ns/yang/Cisco-IOS-XR-infra-ceredundancymib-cfg", "location": "NETCONF", "version": "2015-01-07", "format": "yang"}, {"identifier": "Cisco-IOS-XR-man-xml-ttyagent-cfg", "namespace": "http://cisco.com/ns/yang/Cisco-IOS-XR-man-xml-ttyagent-cfg", "location": "NETCONF", "version": "2015-07-30", "format": "yang"}, {"identifier": "Cisco-IOS-XR-lpts-lib-cfg", "namespace": "http://cisco.com/ns/yang/Cisco-IOS-XR-lpts-lib-cfg", "location": "NETCONF", "version": "2015-11-09", "format": "yang"}, {"identifier": "Cisco-IOS-XR-sdr-invmgr-oper", "namespace": "http://cisco.com/ns/yang/Cisco-IOS-XR-sdr-invmgr-oper", "location": "NETCONF", "version": "2015-11-09", "format": "yang"}, {"identifier": "Cisco-IOS-XR-infra-rcmd-oper", "namespace": "http://cisco.com/ns/yang/Cisco-IOS-XR-infra-rcmd-oper", "location": "NETCONF", "version": "2015-11-09", "format": "yang"}, {"identifier": "Cisco-IOS-XR-infra-rcmd-oper-sub1", "namespace": "http://cisco.com/ns/yang/Cisco-IOS-XR-infra-rcmd-oper", "location": "NETCONF", "version": "2015-11-09", "format": "yang"}, {"identifier": "Cisco-IOS-XR-ip-rib-ipv4-oper", "namespace": "http://cisco.com/ns/yang/Cisco-IOS-XR-ip-rib-ipv4-oper", "location": "NETCONF", "version": "2015-11-09", "format": "yang"}, {"identifier": "Cisco-IOS-XR-ip-rib-ipv4-oper-sub1", "namespace": "http://cisco.com/ns/yang/Cisco-IOS-XR-ip-rib-ipv4-oper", "location": "NETCONF", "version": "2015-11-09", "format": "yang"}, {"identifier": "Cisco-IOS-XR-crypto-sam-cfg", "namespace": "http://cisco.com/ns/yang/Cisco-IOS-XR-crypto-sam-cfg", "location": "NETCONF", "version": "2015-01-07", "format": "yang"}, {"identifier": "Cisco-IOS-XR-ipv4-filesystems-cfg", "namespace": "http://cisco.com/ns/yang/Cisco-IOS-XR-ipv4-filesystems-cfg", "location": "NETCONF", "version": "2015-11-09", "format": "yang"}, {"identifier": "Cisco-IOS-XR-l2-eth-infra-oper", "namespace": "http://cisco.com/ns/yang/Cisco-IOS-XR-l2-eth-infra-oper", "location": "NETCONF", "version": "2015-11-09", "format": "yang"}, {"identifier": "Cisco-IOS-XR-l2-eth-infra-oper-sub3", "namespace": "http://cisco.com/ns/yang/Cisco-IOS-XR-l2-eth-infra-oper", "location": "NETCONF", "version": "2015-11-09", "format": "yang"}, {"identifier": "Cisco-IOS-XR-l2-eth-infra-oper-sub2", "namespace": "http://cisco.com/ns/yang/Cisco-IOS-XR-l2-eth-infra-oper", "location": "NETCONF", "version": "2015-11-09", "format": "yang"}, {"identifier": "Cisco-IOS-XR-l2-eth-infra-oper-sub1", "namespace": "http://cisco.com/ns/yang/Cisco-IOS-XR-l2-eth-infra-oper", "location": "NETCONF", "version": "2015-11-09", "format": "yang"}, {"identifier": "Cisco-IOS-XR-drivers-media-eth-oper", "namespace": "http://cisco.com/ns/yang/Cisco-IOS-XR-drivers-media-eth-oper", "location": "NETCONF", "version": "2015-10-14", "format": "yang"}, {"identifier": "Cisco-IOS-XR-drivers-media-eth-oper-sub1", "namespace": "http://cisco.com/ns/yang/Cisco-IOS-XR-drivers-media-eth-oper", "location": "NETCONF", "version": "2015-10-14", "format": "yang"}, {"identifier": "openconfig-mpls-types", "namespace": "http://openconfig.net/yang/mpls-types", "location": "NETCONF", "version": "2015-11-05", "format": "yang"}, {"identifier": "openconfig-bgp-policy", "namespace": "http://openconfig.net/yang/bgp-policy", "location": "NETCONF", "version": "2015-10-09", "format": "yang"}, {"identifier": "ietf-interfaces", "namespace": "urn:ietf:params:xml:ns:yang:ietf-interfaces", "location": "NETCONF", "version": "2014-05-08", "format": "yang"}, {"identifier": "openconfig-mpls", "namespace": "http://openconfig.net/yang/mpls", "location": "NETCONF", "version": "2015-11-05", "format": "yang"}, {"identifier": "cisco-xr-openconfig-if-ip-deviations", "namespace": "http://cisco.com/ns/yang/cisco-xr-openconfig-if-ip-deviations", "location": "NETCONF", "version": "2016-05-16", "format": "yang"}, {"identifier": "openconfig-bgp", "namespace": "http://openconfig.net/yang/bgp", "location": "NETCONF", "version": "2015-10-09", "format": "yang"}, {"identifier": "openconfig-extensions", "namespace": "http://openconfig.net/yang/openconfig-ext", "location": "NETCONF", "version": "2015-10-09", "format": "yang"}, {"identifier": "openconfig-telemetry", "namespace": "http://openconfig.net/yang/telemetry", "location": "NETCONF", "version": "2016-02-04", "format": "yang"}, {"identifier": "cisco-xr-openconfig-if-ethernet-deviations", "namespace": "http://cisco.com/ns/yang/cisco-xr-openconfig-if-ethernet-deviations", "location": "NETCONF", "version": "2016-05-16", "format": "yang"}, {"identifier": "cisco-xr-ietf-netconf-monitoring-deviations", "namespace": "http://cisco.com/ns/yang/cisco-xr-ietf-netconf-monitoring-deviations", "location": "NETCONF", "version": "2016-02-16", "format": "yang"}, {"identifier": "cisco-xr-openconfig-mpls-deviations", "namespace": "http://cisco.com/ns/yang/cisco-xr-openconfig-mpls-deviations", "location": "NETCONF", "version": "2016-05-16", "format": "yang"}, {"identifier": "openconfig-mpls-te", "namespace": "http://openconfig.net/yang/mpls", "location": "NETCONF", "version": "2015-11-05", "format": "yang"}, {"identifier": "openconfig-routing-policy", "namespace": "http://openconfig.net/yang/routing-policy", "location": "NETCONF", "version": "2015-10-09", "format": "yang"}, {"identifier": "openconfig-types", "namespace": "http://openconfig.net/yang/openconfig-types", "location": "NETCONF", "version": "2015-10-09", "format": "yang"}, {"identifier": "openconfig-if-aggregate", "namespace": "http://openconfig.net/yang/interface/aggregate", "location": "NETCONF", "version": "2015-11-20", "format": "yang"}, {"identifier": "openconfig-bgp-types", "namespace": "http://openconfig.net/yang/bgp-types", "location": "NETCONF", "version": "2015-05-15", "format": "yang"}, {"identifier": "openconfig-if-ip", "namespace": "http://openconfig.net/yang/interfaces/ip", "location": "NETCONF", "version": "2015-11-20", "format": "yang"}, {"identifier": "cisco-xr-openconfig-interfaces-deviations", "namespace": "http://cisco.com/ns/yang/cisco-xr-openconfig-interfaces-deviations", "location": "NETCONF", "version": "2016-05-16", "format": "yang"}, {"identifier": "openconfig-mpls-ldp", "namespace": "http://openconfig.net/yang/ldp", "location": "NETCONF", "version": "2015-11-05", "format": "yang"}, {"identifier": "ietf-netconf-monitoring", "namespace": "urn:ietf:params:xml:ns:yang:ietf-netconf-monitoring", "location": "NETCONF", "version": "2010-10-04", "format": "yang"}, {"identifier": "openconfig-mpls-rsvp", "namespace": "http://openconfig.net/yang/rsvp", "location": "NETCONF", "version": "2015-11-05", "format": "yang"}, {"identifier": "cisco-xr-routing-policy-deviations", "namespace": "http://cisco.com/ns/yang/cisco-xr-routing-policy-deviations", "location": "NETCONF", "version": "2015-10-21", "format": "yang"}, {"identifier": "openconfig-vlan", "namespace": "http://openconfig.net/yang/vlan", "location": "NETCONF", "version": "2015-10-09", "format": "yang"}, {"identifier": "openconfig-policy-types", "namespace": "http://openconfig.net/yang/policy-types", "location": "NETCONF", "version": "2015-10-09", "format": "yang"}, {"identifier": "iana-if-type", "namespace": "urn:ietf:params:xml:ns:yang:iana-if-type", "location": "NETCONF", "version": "2014-05-08", "format": "yang"}, {"identifier": "cisco-xr-openconfig-telemetry-deviations", "namespace": "http://cisco.com/ns/yang/cisco-xr-openconfig-telemetry-deviations", "location": "NETCONF", "version": "2016-08-16", "format": "yang"}, {"identifier": "cisco-xr-openconfig-bgp-deviations", "namespace": "http://cisco.com/ns/yang/cisco-xr-bgp-deviations", "location": "NETCONF", "version": "2016-03-21", "format": "yang"}, {"identifier": "openconfig-bgp-multiprotocol", "namespace": "http://openconfig.net/yang/bgp-multiprotocol", "location": "NETCONF", "version": "2015-10-09", "format": "yang"}, {"identifier": "openconfig-mpls-static", "namespace": "http://openconfig.net/yang/mpls", "location": "NETCONF", "version": "2015-11-05", "format": "yang"}, {"identifier": "openconfig-interfaces", "namespace": "http://openconfig.net/yang/interfaces", "location": "NETCONF", "version": "2015-11-20", "format": "yang"}, {"identifier": "openconfig-mpls-igp", "namespace": "http://openconfig.net/yang/mpls", "location": "NETCONF", "version": "2015-11-05", "format": "yang"}, {"identifier": "openconfig-if-ethernet", "namespace": "http://openconfig.net/yang/interfaces/ethernet", "location": "NETCONF", "version": "2015-11-20", "format": "yang"}, {"identifier": "cisco-xr-openconfig-bgp-policy-deviations", "namespace": "http://cisco.com/ns/yang/cisco-xr-bgp-policy-deviations", "location": "NETCONF", "version": "2016-03-21", "format": "yang"}, {"identifier": "openconfig-mpls-sr", "namespace": "http://openconfig.net/yang/sr", "location": "NETCONF", "version": "2015-11-05", "format": "yang"}, {"identifier": "cisco-xr-openconfig-if-aggregate-deviations", "namespace": "http://cisco.com/ns/yang/cisco-xr-openconfig-if-aggregate-deviations", "location": "NETCONF", "version": "2016-05-16", "format": "yang"}, {"identifier": "openconfig-bgp-operational", "namespace": "http://openconfig.net/yang/bgp-operational", "location": "NETCONF", "version": "2015-10-09", "format": "yang"}, {"identifier": "cisco-xr-openconfig-vlan-deviations", "namespace": "http://cisco.com/ns/yang/cisco-xr-openconfig-vlan-deviations", "location": "NETCONF", "version": "2016-07-08", "format": "yang"}]