{"interfaces": {"interface": [{"ethernet": {"config": {"auto-negotiate": "false"}}, "config": {"type": "idx:ethernetCsmacd", "enabled": "true", "name": "MgmtEth0/RP0/CPU0/0"}, "name": "MgmtEth0/RP0/CPU0/0"}, {"ethernet": {"config": {"auto-negotiate": "false"}}, "config": {"type": "idx:ethernetCsmacd", "enabled": "true", "name": "GigabitEthernet0/0/0/0"}, "name": "GigabitEthernet0/0/0/0", "subinterfaces": {"subinterface": {"index": "0", "ipv4": {"address": {"ip": "11.1.1.3", "config": {"ip": "11.1.1.3", "prefix-length": "24"}}}}}}, {"ethernet": {"config": {"auto-negotiate": "false"}}, "config": {"type": "idx:ethernetCsmacd", "enabled": "false", "name": "GigabitEthernet0/0/0/1"}, "name": "GigabitEthernet0/0/0/1"}, {"ethernet": {"config": {"auto-negotiate": "false"}}, "config": {"type": "idx:ethernetCsmacd", "enabled": "false", "name": "GigabitEthernet0/0/0/2"}, "name": "GigabitEthernet0/0/0/2"}]}}