[
    {
        "src": "11.2.2.128", 
        "proto": "tcp", 
        "dst": "any", 
        "dst_port": "80", 
        "action": "deny", 
        "service_line_index": "10"
    }, 
    {
        "src": "11.2.2.128", 
        "proto": "tcp", 
        "dst": "any", 
        "dst_port": "443", 
        "action": "deny", 
        "service_line_index": "20"
    }, 
    {
        "src": "11.2.2.34", 
        "proto": "tcp", 
        "dst": "any", 
        "dst_port": "80", 
        "action": "permit", 
        "service_line_index": "30"
    }, 
    {
        "src": "11.3.3.0", 
        "proto": "tcp", 
        "dst": "any", 
        "dst_port": "80", 
        "action": "permit", 
        "service_line_index": "40"
    }
]